"gene","pvalue","q_fdr","p_bonf"
"WBGene00001702",2.93e-86,4.95372704402516e-85,7.876426e-82
"WBGene00000739",3.77e-58,6.36990194846009e-57,1.0134514e-53
"WBGene00001068",7.35e-56,1.24109736180905e-54,1.975827e-51
"WBGene00022505",2.93e-55,4.94439799121155e-54,7.876426e-51
"WBGene00004173",1.07e-54,1.80450062735257e-53,2.876374e-50
"WBGene00000599",4.47e-54,7.53370156739812e-53,1.2016254e-49
"WBGene00000742",1.34e-52,2.25701002506266e-51,3.602188e-48
"WBGene00000717",8.65e-50,1.45603819661866e-48,2.325293e-45
"WBGene00000618",2.29e-49,3.85230162703379e-48,6.155978e-45
"WBGene00000741",2.34e-48,3.93395121951219e-47,6.290388e-44
"WBGene00009787",5.08e-48,8.535035e-47,1.3656056e-43
"WBGene00011522",1.08e-46,1.81340162398501e-45,2.903256e-42
"WBGene00000743",1.18e-45,1.98007240948814e-44,3.172076e-41
"WBGene00000720",1.54e-44,2.58255021834061e-43,4.139828e-40
"WBGene00010969",1.03e-43,1.72621321695761e-42,2.768846e-39
"WBGene00013853",3.82e-43,6.39808348909657e-42,1.0268924e-38
"WBGene00001699",3.3e-42,5.52369863013699e-41,8.87106e-38
"WBGene00017569",6.22e-42,1.04048562538892e-40,1.6720604e-37
"WBGene00011172",1.18e-41,1.97268407960199e-40,3.172076e-37
"WBGene00000740",5.35e-41,8.93839030453698e-40,1.438187e-36
"WBGene00000781",6.33e-40,1.05691341614907e-38,1.7016306e-35
"WBGene00020014",2.41e-38,4.02145375543141e-37,6.478562e-34
"WBGene00270321",5.19e-38,8.65493672456576e-37,1.3951758e-33
"WBGene00000251",1.97e-37,3.28317048977061e-36,5.295754e-33
"WBGene00007804",2.65e-37,4.41371127633209e-36,7.12373e-33
"WBGene00004000",1.65e-36,2.74645820433437e-35,4.43553e-32
"WBGene00000252",4.43e-36,7.36926113861386e-35,1.1908726e-31
"WBGene00006539",1.12e-35,1.86195670995671e-34,3.010784e-31
"WBGene00004002",1.75e-35,2.90750927070457e-34,4.70435e-31
"WBGene00000616",2.08e-35,3.4536479308215e-34,5.591456e-31
"WBGene00011891",2.1e-34,3.4847037037037e-33,5.64522e-30
"WBGene00010493",2.42e-34,4.01322887106724e-33,6.505444e-30
"WBGene00007543",1.56e-33,2.58544512946979e-32,4.193592e-29
"WBGene00001875",4.38e-33,7.25466173752311e-32,1.1774316e-28
"WBGene00018538",4.56e-33,7.54814778325123e-32,1.2258192e-28
"WBGene00007232",7.63e-33,1.26221329230769e-31,2.0510966e-28
"WBGene00009097",1.11e-32,1.83511808118081e-31,2.983902e-28
"WBGene00000719",1.04e-31,1.71833312845728e-30,2.795728e-27
"WBGene00008577",9.22e-31,1.52243267813268e-29,2.4785204e-26
"WBGene00017998",1.27e-30,2.09577286678944e-29,3.414014e-26
"WBGene00000256",1.3e-30,2.14396319018405e-29,3.49466e-26
"WBGene00016054",1.77e-30,2.9172985898222e-29,4.758114e-26
"WBGene00021641",3.4e-30,5.60041666666667e-29,9.13988e-26
"WBGene00000615",4.24e-30,6.97977219840784e-29,1.1397968e-25
"WBGene00001716",5.28e-30,8.68647246022032e-29,1.4193696e-25
"WBGene00004264",5.71e-30,9.38814801223242e-29,1.5349622e-25
"WBGene00021654",8.43e-30,1.38517885085575e-28,2.2661526e-25
"WBGene00003981",1.02e-29,1.67499328039096e-28,2.741964e-25
"WBGene00004119",1.17e-29,1.92014285714286e-28,3.145194e-25
"WBGene00005016",2.53e-29,4.14957046979866e-28,6.801146e-25
"WBGene00007233",4.89e-29,8.0154256097561e-28,1.3145298e-24
"WBGene00004133",5.4e-29,8.84599634369287e-28,1.451628e-24
"WBGene00004397",5.56e-29,9.10255298416565e-28,1.4946392e-24
"WBGene00020049",6.42e-29,1.0504104686549e-27,1.7258244e-24
"WBGene00012595",7.47e-29,1.22146313868613e-27,2.0080854e-24
"WBGene00000647",1.08e-28,1.76489726443769e-27,2.903256e-24
"WBGene00020873",1.75e-28,2.85804981773998e-27,4.70435e-24
"WBGene00008448",1.76e-28,2.87263630843959e-27,4.731232e-24
"WBGene00007231",3.44e-28,5.61129126213592e-27,9.247408e-24
"WBGene00010673",6.27e-28,1.02213547604609e-26,1.6855014e-23
"WBGene00006952",6.55e-28,1.06713393939394e-26,1.760771e-23
"WBGene00015646",1.01e-27,1.64450757116899e-26,2.715082e-23
"WBGene00000677",1.15e-27,1.87132566585956e-26,3.09143e-23
"WBGene00013489",1.61e-27,2.61827102238354e-26,4.328002e-23
"WBGene00000691",1.93e-27,3.13677509068924e-26,5.188226e-23
"WBGene00000594",2.24e-27,3.63840966767372e-26,6.021568e-23
"WBGene00008496",4.52e-27,7.3373574879227e-26,1.2150664e-22
"WBGene00001714",4.59e-27,7.44649245624623e-26,1.2338838e-22
"WBGene00013007",6.88e-27,1.11548950542823e-25,1.8494816e-22
"WBGene00020245",7.59e-27,1.22986365280289e-25,2.0403438e-22
"WBGene00019272",7.96e-27,1.28904048192771e-25,2.1398072e-22
"WBGene00010135",1.71e-26,2.76750270921132e-25,4.596822e-22
"WBGene00003057",3.05e-26,4.93321901323706e-25,8.19901e-22
"WBGene00019619",4.83e-26,7.80758027660854e-25,1.2984006e-21
"WBGene00012671",5.22e-26,8.43293509615385e-25,1.4032404e-21
"WBGene00022536",1.05e-25,1.69526126126126e-24,2.82261e-21
"WBGene00003999",2.07e-25,3.34008043217287e-24,5.564574e-21
"WBGene00008063",3.87e-25,6.24075224955009e-24,1.0403334e-20
"WBGene00022517",6.36e-25,1.02499712230216e-23,1.7096952e-20
"WBGene00005018",6.76e-25,1.08880958657879e-23,1.8172232e-20
"WBGene00015908",6.93e-25,1.11552251497006e-23,1.8629226e-20
"WBGene00005017",7.57e-25,1.21781412327947e-23,2.0349674e-20
"WBGene00014183",9.49e-25,1.52577858851675e-23,2.5511018e-20
"WBGene00016247",1.13e-24,1.81569994022714e-23,3.037666e-20
"WBGene00017814",1.43e-24,2.2963715651135e-23,3.844126e-20
"WBGene00004008",1.7e-24,2.7283223880597e-23,4.56994e-20
"WBGene00008376",1.94e-24,3.11163961813842e-23,5.215108e-20
"WBGene00001691",2.79e-24,4.47231842576029e-23,7.500078e-20
"WBGene00017937",3.63e-24,5.81535518474374e-23,9.758166e-20
"WBGene00000718",4.38e-24,7.01269565217391e-23,1.1774316e-19
"WBGene00004230",4.39e-24,7.02452261904762e-23,1.1801198e-19
"WBGene00000625",4.7e-24,7.51608566329566e-23,1.263454e-19
"WBGene00001713",5.02e-24,8.02304637336504e-23,1.3494764e-19
"WBGene00022816",5.77e-24,9.216229352347e-23,1.5510914e-19
"WBGene00001876",6.06e-24,9.67368883610451e-23,1.6290492e-19
"WBGene00020353",8.62e-24,1.37520973293769e-22,2.3172284e-19
"WBGene00077697",1.19e-23,1.89736536180308e-22,3.198958e-19
"WBGene00000749",1.56e-23,2.48582809721399e-22,4.193592e-19
"WBGene00044175",1.77e-23,2.81878791469194e-22,4.758114e-19
"WBGene00001067",1.8e-23,2.86486678507993e-22,4.83876e-19
"WBGene00012207",3.01e-23,4.78785917159763e-22,8.091482e-19
"WBGene00014116",4.94e-23,7.85316853932584e-22,1.3279708e-18
"WBGene00018786",6.08e-23,9.65972576832151e-22,1.6344256e-18
"WBGene00001914",6.89e-23,1.09401642055523e-21,1.8521698e-18
"WBGene00016461",8.75e-23,1.38853305785124e-21,2.352175e-18
"WBGene00020840",1.3e-22,2.06174631268437e-21,3.49466e-18
"WBGene00004398",1.37e-22,2.17148231132075e-21,3.682834e-18
"WBGene00012781",1.44e-22,2.28108898055392e-21,3.871008e-18
"WBGene00044272",1.63e-22,2.58054534746761e-21,4.381766e-18
"WBGene00010573",1.64e-22,2.59484873454974e-21,4.408648e-18
"WBGene00009377",1.89e-22,2.98864588235294e-21,5.080698e-18
"WBGene00015857",2.02e-22,3.19233627278072e-21,5.430164e-18
"WBGene00016773",2.35e-22,3.71167450058754e-21,6.31727e-18
"WBGene00007448",2.97e-22,4.68817028772754e-21,7.983954e-18
"WBGene00001730",3.5e-22,5.52153755868545e-21,9.4087e-18
"WBGene00017485",3.75e-22,5.9124633431085e-21,1.008075e-17
"WBGene00019663",4.84e-22,7.62654630715123e-21,1.3010888e-17
"WBGene00007987",4.92e-22,7.7480632688928e-21,1.3225944e-17
"WBGene00008210",6.35e-22,9.99418618266979e-21,1.707007e-17
"WBGene00020350",8.64e-22,1.35904318314804e-20,2.3226048e-17
"WBGene00010525",1.07e-21,1.68209005847953e-20,2.876374e-17
"WBGene00004232",1.37e-21,2.15244535359439e-20,3.682834e-17
"WBGene00006980",1.63e-21,2.55944275700935e-20,4.381766e-17
"WBGene00008963",2.05e-21,3.21705195563339e-20,5.51081e-17
"WBGene00009681",2.17e-21,3.40338039673279e-20,5.833394e-17
"WBGene00014158",2.25e-21,3.52679300291545e-20,6.04845e-17
"WBGene00013352",3.04e-21,4.76231235431235e-20,8.172128e-17
"WBGene00021605",3.06e-21,4.79085148514851e-20,8.225892e-17
"WBGene00044512",4.31e-21,6.74397089639115e-20,1.1586142e-16
"WBGene00008150",4.32e-21,6.75568586387435e-20,1.1613024e-16
"WBGene00017112",4.5e-21,7.03308139534884e-20,1.20969e-16
"WBGene00000655",4.65e-21,7.26329459616502e-20,1.250013e-16
"WBGene00020841",4.76e-21,7.43079674796748e-20,1.2795832e-16
"WBGene00009031",5.02e-21,7.83213232733604e-20,1.3494764e-16
"WBGene00015056",5.84e-21,9.10619953596288e-20,1.5699088e-16
"WBGene00019410",6.47e-21,1.00826979710145e-19,1.7392654e-16
"WBGene00002017",6.57e-21,1.02326037079954e-19,1.7661474e-16
"WBGene00000678",1.02e-20,1.58770353213665e-19,2.741964e-16
"WBGene00010285",1.32e-20,2.05348611111111e-19,3.548424e-16
"WBGene00020084",1.44e-20,2.23887102371313e-19,3.871008e-16
"WBGene00015689",1.56e-20,2.42404161849711e-19,4.193592e-16
"WBGene00000649",1.58e-20,2.45370075101098e-19,4.247356e-16
"WBGene00016752",1.92e-20,2.97999076212471e-19,5.161344e-16
"WBGene00004120",2.25e-20,3.4901615695326e-19,6.04845e-16
"WBGene00022007",2.64e-20,4.09276124567474e-19,7.096848e-16
"WBGene00007541",2.73e-20,4.22984783861671e-19,7.338786e-16
"WBGene00016894",3.06e-20,4.73841705069124e-19,8.225892e-16
"WBGene00018969",3.08e-20,4.76664133563615e-19,8.279656e-16
"WBGene00002015",3.77e-20,5.83113578826237e-19,1.0134514e-15
"WBGene00015348",3.97e-20,6.13694882116159e-19,1.0672154e-15
"WBGene00009321",5.31e-20,8.20364482758621e-19,1.4274342e-15
"WBGene00009624",5.9e-20,9.10992533026996e-19,1.586038e-15
"WBGene00010291",6.02e-20,9.28987600459242e-19,1.6182964e-15
"WBGene00020990",7.24e-20,1.1166131956397e-18,1.9462568e-15
"WBGene00004998",7.62e-20,1.17454610091743e-18,2.0484084e-15
"WBGene00009710",8.52e-20,1.3125194269341e-18,2.2903464e-15
"WBGene00013033",1.02e-19,1.57042611683849e-18,2.741964e-15
"WBGene00009959",1.23e-19,1.89266514024041e-18,3.306486e-15
"WBGene00021969",1.26e-19,1.93771853546911e-18,3.387132e-15
"WBGene00001066",1.3e-19,1.99809033733562e-18,3.49466e-15
"WBGene00014188",1.48e-19,2.27344914285714e-18,3.978536e-15
"WBGene00015573",1.49e-19,2.28750314106225e-18,4.005418e-15
"WBGene00011183",1.5e-19,2.30154109589041e-18,4.0323e-15
"WBGene00000672",1.57e-19,2.40757216200799e-18,4.220474e-15
"WBGene00012357",1.66e-19,2.54413454960091e-18,4.462412e-15
"WBGene00022131",1.82e-19,2.78776296296296e-18,4.892524e-15
"WBGene00004257",2.44e-19,3.73531207289294e-18,6.559208e-15
"WBGene00019236",2.87e-19,4.39108366533865e-18,7.715134e-15
"WBGene00007544",2.95e-19,4.51091581342435e-18,7.93019e-15
"WBGene00015695",3.06e-19,4.67645935190449e-18,8.225892e-15
"WBGene00017691",3.11e-19,4.75017159090909e-18,8.360302e-15
"WBGene00016440",4.31e-19,6.57929699034639e-18,1.1586142e-14
"WBGene00011278",4.44e-19,6.77389784335982e-18,1.1935608e-14
"WBGene00009028",4.64e-19,7.07501304594441e-18,1.2473248e-14
"WBGene00011491",4.86e-19,7.40626530612245e-18,1.3064652e-14
"WBGene00017307",5.22e-19,7.95037053824363e-18,1.4032404e-14
"WBGene00022649",5.48e-19,8.34163986409966e-18,1.4731336e-14
"WBGene00013290",5.95e-19,9.0519468024901e-18,1.599479e-14
"WBGene00015339",6.18e-19,9.39653619909502e-18,1.6613076e-14
"WBGene00015332",6.24e-19,9.4824013566987e-18,1.6774368e-14
"WBGene00009308",6.3e-19,9.56816949152542e-18,1.693566e-14
"WBGene00008605",6.83e-19,1.03672535290796e-17,1.8360406e-14
"WBGene00021113",7.54e-19,1.14385033860045e-17,2.0269028e-14
"WBGene00011446",7.72e-19,1.17049655950367e-17,2.0752904e-14
"WBGene00022298",8e-19,1.21226606538895e-17,2.15056e-14
"WBGene00013771",8.6e-19,1.30245183098592e-17,2.311852e-14
"WBGene00009133",1.02e-18,1.54389864864865e-17,2.741964e-14
"WBGene00020187",1.05e-18,1.58841305571187e-17,2.82261e-14
"WBGene00001074",1.06e-18,1.60173805508713e-17,2.849492e-14
"WBGene00020560",1.06e-18,1.60173805508713e-17,2.849492e-14
"WBGene00014179",1.11e-18,1.67634943820225e-17,2.983902e-14
"WBGene00020811",1.2e-18,1.81125210555867e-17,3.22584e-14
"WBGene00015089",1.31e-18,1.97617396184063e-17,3.521542e-14
"WBGene00010574",1.43e-18,2.15598766124509e-17,3.844126e-14
"WBGene00021931",1.49e-18,2.24518946188341e-17,4.005418e-14
"WBGene00012638",1.62e-18,2.43971092436975e-17,4.354884e-14
"WBGene00020149",1.87e-18,2.8146326987682e-17,5.026934e-14
"WBGene00007307",1.88e-18,2.82810072747622e-17,5.053816e-14
"WBGene00021007",2.19e-18,3.29259395973154e-17,5.887158e-14
"WBGene00015028",2.26e-18,3.39593739519285e-17,6.075332e-14
"WBGene00044205",2.36e-18,3.54421899441341e-17,6.344152e-14
"WBGene00000620",2.63e-18,3.9474963707426e-17,7.069966e-14
"WBGene00003434",2.76e-18,4.14030803571429e-17,7.419432e-14
"WBGene00004226",2.89e-18,4.33290462911322e-17,7.768898e-14
"WBGene00016805",2.9e-18,4.34547380156076e-17,7.79578e-14
"WBGene00014169",3.08e-18,4.6126217270195e-17,8.279656e-14
"WBGene00044388",3.64e-18,5.44824498886414e-17,9.785048e-14
"WBGene00003765",3.9e-18,5.83415692821369e-17,1.048398e-13
"WBGene00016106",4.99e-18,7.46057730812013e-17,1.3414118e-13
"WBGene00011968",5.11e-18,7.63574319066148e-17,1.3736702e-13
"WBGene00017716",5.4e-18,8.0646e-17,1.451628e-13
"WBGene00003435",5.65e-18,8.43327595780122e-17,1.518833e-13
"WBGene00044662",6.25e-18,9.32366814650389e-17,1.680125e-13
"WBGene00006038",7.88e-18,1.17487609539656e-16,2.1183016e-13
"WBGene00022708",8.09e-18,1.20551762749446e-16,2.1747538e-13
"WBGene00019761",8.39e-18,1.24952897506925e-16,2.2553998e-13
"WBGene00011055",8.95e-18,1.33219213732004e-16,2.405939e-13
"WBGene00010679",9.57e-18,1.42368976203652e-16,2.5726074e-13
"WBGene00016161",1e-17,1.48683628318584e-16,2.6882e-13
"WBGene00000684",1.02e-17,1.51573466003317e-16,2.741964e-13
"WBGene00007714",1.07e-17,1.58915690607735e-16,2.876374e-13
"WBGene00000733",1.48e-17,2.19687244616234e-16,3.978536e-13
"WBGene00001603",1.72e-17,2.55171302428256e-16,4.623704e-13
"WBGene00003432",1.92e-17,2.8468527302813e-16,5.161344e-13
"WBGene00007517",1.94e-17,2.8749217199559e-16,5.215108e-13
"WBGene00004001",2.26e-17,3.34729035812672e-16,6.075332e-13
"WBGene00021248",2.32e-17,3.43426431718062e-16,6.236624e-13
"WBGene00022674",2.45e-17,3.6247055586131e-16,6.58609e-13
"WBGene00013515",2.7e-17,3.99018141836174e-16,7.25814e-13
"WBGene00015094",2.7e-17,3.99018141836174e-16,7.25814e-13
"WBGene00002025",2.77e-17,4.09138131868132e-16,7.446314e-13
"WBGene00007560",2.95e-17,4.35485447556288e-16,7.93019e-13
"WBGene00000485",3.16e-17,4.65974328030719e-16,8.494712e-13
"WBGene00001820",3.16e-17,4.65974328030719e-16,8.494712e-13
"WBGene00019105",3.19e-17,4.7014024122807e-16,8.575358e-13
"WBGene00015907",3.33e-17,4.90235815991238e-16,8.951706e-13
"WBGene00016462",3.33e-17,4.90235815991238e-16,8.951706e-13
"WBGene00012294",3.61e-17,5.31165955117679e-16,9.704402e-13
"WBGene00007601",3.68e-17,5.41169365426696e-16,9.892576e-13
"WBGene00013887",3.78e-17,5.55571131765992e-16,1.0161396e-12
"WBGene00044174",4.07e-17,5.97867431693989e-16,1.0940974e-12
"WBGene00011911",5.11e-17,7.5022949208083e-16,1.3736702e-12
"WBGene00022160",5.25e-17,7.70362991266376e-16,1.411305e-12
"WBGene00004124",5.36e-17,7.86074849972722e-16,1.4408752e-12
"WBGene00007584",5.43e-17,7.95906543075245e-16,1.4596926e-12
"WBGene00006936",5.58e-17,8.17447193460491e-16,1.5000156e-12
"WBGene00016447",5.82e-17,8.5214183006536e-16,1.5645324e-12
"WBGene00006040",6.39e-17,9.35089711486119e-16,1.7177598e-12
"WBGene00009344",7.03e-17,1.0281853101197e-15,1.8898046e-12
"WBGene00016419",7.09e-17,1.03639684611202e-15,1.9059338e-12
"WBGene00006589",7.65e-17,1.11764836956522e-15,2.056473e-12
"WBGene00012085",7.71e-17,1.12580239000543e-15,2.0726022e-12
"WBGene00016357",7.76e-17,1.132488165038e-15,2.0860432e-12
"WBGene00022709",7.98e-17,1.16396288659794e-15,2.1451836e-12
"WBGene00015024",8.17e-17,1.19103004338395e-15,2.1962594e-12
"WBGene00006394",8.42e-17,1.22680997289973e-15,2.2634644e-12
"WBGene00016659",8.56e-17,1.24653261105092e-15,2.3010992e-12
"WBGene00008724",9.39e-17,1.36665933946941e-15,2.5242198e-12
"WBGene00017046",9.96e-17,1.44883506493506e-15,2.6774472e-12
"WBGene00009090",1.14e-16,1.65740832882639e-15,3.064548e-12
"WBGene00012917",1.16e-16,1.68557405405405e-15,3.118312e-12
"WBGene00003888",1.26e-16,1.82989303079417e-15,3.387132e-12
"WBGene00011124",1.27e-16,1.84342008639309e-15,3.414014e-12
"WBGene00012326",1.28e-16,1.85693254182407e-15,3.440896e-12
"WBGene00013999",1.42e-16,2.05892340884574e-15,3.817244e-12
"WBGene00018573",1.65e-16,2.39112129380054e-15,4.43553e-12
"WBGene00011888",1.69e-16,2.44776831896552e-15,4.543058e-12
"WBGene00011493",1.73e-16,2.50435433494884e-15,4.650586e-12
"WBGene00010254",1.77e-16,2.56087944025834e-15,4.758114e-12
"WBGene00003567",1.97e-16,2.84717956989247e-15,5.295754e-12
"WBGene00017483",1.97e-16,2.84717956989247e-15,5.295754e-12
"WBGene00001724",2.13e-16,3.07676840408383e-15,5.725866e-12
"WBGene00014857",2.26e-16,3.26279914070892e-15,6.075332e-12
"WBGene00271819",2.47e-16,3.56406548577563e-15,6.639854e-12
"WBGene00007248",2.55e-16,3.67752682403434e-15,6.85491e-12
"WBGene00007159",2.62e-16,3.77645254691689e-15,7.043084e-12
"WBGene00018528",2.69e-16,3.87527224008574e-15,7.231258e-12
"WBGene00022751",2.7e-16,3.88759507230852e-15,7.25814e-12
"WBGene00020715",2.78e-16,4.00064025695931e-15,7.473196e-12
"WBGene00016011",3.19e-16,4.58820652755484e-15,8.575358e-12
"WBGene00013173",3.43e-16,4.93076256684492e-15,9.220526e-12
"WBGene00011694",3.72e-16,5.34479102084447e-15,1.0000104e-11
"WBGene00015931",3.79e-16,5.4424561965812e-15,1.0188278e-11
"WBGene00007264",3.94e-16,5.65483609183129e-15,1.0591508e-11
"WBGene00013965",4.36e-16,6.25429669156884e-15,1.1720552e-11
"WBGene00014182",4.61e-16,6.60938773333333e-15,1.2392602e-11
"WBGene00012831",4.75e-16,6.80647654584222e-15,1.276895e-11
"WBGene00010267",4.91e-16,7.0319989344699e-15,1.3199062e-11
"WBGene00007610",5.61e-16,8.03024600638978e-15,1.5080802e-11
"WBGene00007343",5.66e-16,8.09750505588079e-15,1.5215212e-11
"WBGene00016425",5.98e-16,8.55076382978723e-15,1.6075436e-11
"WBGene00018303",6.04e-16,8.63196597554492e-15,1.6236728e-11
"WBGene00020630",6.62e-16,9.45583634431456e-15,1.7795884e-11
"WBGene00003467",6.74e-16,9.62212851832183e-15,1.8118468e-11
"WBGene00013263",6.96e-16,9.93092993630573e-15,1.8709872e-11
"WBGene00016133",6.97e-16,9.9399225464191e-15,1.8736754e-11
"WBGene00016052",7.22e-16,1.02909883351007e-14,1.9408804e-11
"WBGene00045355",7.29e-16,1.03852559618442e-14,1.9596978e-11
"WBGene00010850",7.91e-16,1.12625328389831e-14,2.1263662e-11
"WBGene00010117",8.39e-16,1.19396495500265e-14,2.2553998e-11
"WBGene00018630",8.45e-16,1.2018671957672e-14,2.271529e-11
"WBGene00018297",8.59e-16,1.22113368588049e-14,2.3091638e-11
"WBGene00003456",8.67e-16,1.23185486257928e-14,2.3306694e-11
"WBGene00010612",8.7e-16,1.23546434231379e-14,2.338734e-11
"WBGene00010419",9.11e-16,1.29300432946146e-14,2.4489502e-11
"WBGene00011152",9.45e-16,1.34055356200528e-14,2.540349e-11
"WBGene00018773",1.01e-15,1.4320052742616e-14,2.715082e-11
"WBGene00014996",1.03e-15,1.45959198734844e-14,2.768846e-11
"WBGene00000746",1.05e-15,1.48714963119073e-14,2.82261e-11
"WBGene00012169",1.11e-15,1.57130173775671e-14,2.983902e-11
"WBGene00002983",1.14e-15,1.61292e-14,3.064548e-11
"WBGene00003443",1.15e-15,1.62621251972646e-14,3.09143e-11
"WBGene00004989",1.19e-15,1.68189169295478e-14,3.198958e-11
"WBGene00015987",1.32e-15,1.86464739884393e-14,3.548424e-11
"WBGene00008541",1.55e-15,2.1883981092437e-14,4.16671e-11
"WBGene00010317",1.58e-15,2.22958320209974e-14,4.247356e-11
"WBGene00022665",1.61e-15,2.27072507869885e-14,4.328002e-11
"WBGene00043147",1.65e-15,2.32592029365496e-14,4.43553e-11
"WBGene00016416",1.72e-15,2.4233249475891e-14,4.623704e-11
"WBGene00012968",1.86e-15,2.61919958093243e-14,5.000052e-11
"WBGene00011132",1.96e-15,2.75857172774869e-14,5.268872e-11
"WBGene00010989",2.03e-15,2.85559706959707e-14,5.457046e-11
"WBGene00008215",2.25e-15,3.16341527196653e-14,6.04845e-11
"WBGene00021579",2.26e-15,3.17581390486147e-14,6.075332e-11
"WBGene00001878",2.32e-15,3.2567227154047e-14,6.236624e-11
"WBGene00013854",2.32e-15,3.2567227154047e-14,6.236624e-11
"WBGene00194670",2.38e-15,3.33920459290188e-14,6.397916e-11
"WBGene00013474",2.4e-15,3.36550860719875e-14,6.45168e-11
"WBGene00016541",2.63e-15,3.68611366006257e-14,7.069966e-11
"WBGene00006651",2.71e-15,3.79625951016154e-14,7.285022e-11
"WBGene00000788",2.83e-15,3.96229479166667e-14,7.607606e-11
"WBGene00004904",2.94e-15,4.11416345653306e-14,7.903308e-11
"WBGene00007170",3.19e-15,4.46168470343392e-14,8.575358e-11
"WBGene00006947",3.43e-15,4.78988363636364e-14,9.220526e-11
"WBGene00008640",3.43e-15,4.78988363636364e-14,9.220526e-11
"WBGene00010499",3.43e-15,4.78988363636364e-14,9.220526e-11
"WBGene00011676",3.79e-15,5.28986396677051e-14,1.0188278e-10
"WBGene00017673",3.9e-15,5.44057083549559e-14,1.048398e-10
"WBGene00284850",4.11e-15,5.73055082987552e-14,1.1048502e-10
"WBGene00012538",4.27e-15,5.95055158113012e-14,1.1478614e-10
"WBGene00019406",4.5e-15,6.26782383419689e-14,1.20969e-10
"WBGene00016351",4.61e-15,6.4177120662869e-14,1.2392602e-10
"WBGene00010759",4.69e-15,6.52570289855072e-14,1.2607658e-10
"WBGene00000968",5.13e-15,7.13422969477496e-14,1.3790466e-10
"WBGene00013169",5.18e-15,7.20003929679421e-14,1.3924876e-10
"WBGene00020672",5.4e-15,7.50195348837209e-14,1.451628e-10
"WBGene00013171",5.76e-15,7.99795041322314e-14,1.5484032e-10
"WBGene00018930",5.9e-15,8.18811564274651e-14,1.586038e-10
"WBGene00008010",5.91e-15,8.19776160990712e-14,1.5887262e-10
"WBGene00206362",6.42e-15,8.9005899948427e-14,1.7258244e-10
"WBGene00012937",6.76e-15,9.36712989690722e-14,1.8172232e-10
"WBGene00044620",6.8e-15,9.41770221535291e-14,1.827976e-10
"WBGene00008681",7.1e-15,9.82812564366632e-14,1.908622e-10
"WBGene00138711",7.14e-15,9.87840864642306e-14,1.9193748e-10
"WBGene00006047",7.3e-15,1.00945781893004e-13,1.962386e-10
"WBGene00050875",7.57e-15,1.04625573264781e-13,2.0349674e-10
"WBGene00001736",7.8e-15,1.07749023638232e-13,2.096796e-10
"WBGene00021186",8.44e-15,1.16530087313816e-13,2.2688408e-10
"WBGene00015627",8.72e-15,1.20334209445585e-13,2.3441104e-10
"WBGene00011077",8.82e-15,1.21651739353515e-13,2.3709924e-10
"WBGene00010234",9.53e-15,1.31377158974359e-13,2.5618546e-10
"WBGene00008875",9.77e-15,1.34616678626345e-13,2.6263714e-10
"WBGene00001076",1e-14,1.37715163934426e-13,2.6882e-10
"WBGene00017279",1.01e-14,1.39021095750128e-13,2.715082e-10
"WBGene00000878",1.05e-14,1.44452917093142e-13,2.82261e-10
"WBGene00000722",1.09e-14,1.49879181585678e-13,2.930138e-10
"WBGene00003424",1.15e-14,1.58048568507157e-13,3.09143e-10
"WBGene00006861",1.16e-14,1.59341440981094e-13,3.118312e-10
"WBGene00012689",1.22e-14,1.67497650663943e-13,3.279604e-10
"WBGene00021398",1.42e-14,1.94856763654926e-13,3.817244e-10
"WBGene00003517",1.45e-14,1.9887193877551e-13,3.89789e-10
"WBGene00306078",1.46e-14,2.0014135645079e-13,3.924772e-10
"WBGene00019601",1.48e-14,2.02779612640163e-13,3.978536e-10
"WBGene00003776",1.51e-14,2.06784615384615e-13,4.059182e-10
"WBGene00006948",1.56e-14,2.13523014256619e-13,4.193592e-10
"WBGene00016322",1.64e-14,2.24358676844784e-13,4.408648e-10
"WBGene00017969",1.72e-14,2.35183316378433e-13,4.623704e-10
"WBGene00021326",1.73e-14,2.36430401626843e-13,4.650586e-10
"WBGene00021110",1.85e-14,2.52701727642276e-13,4.97317e-10
"WBGene00001581",2.02e-14,2.75782833925851e-13,5.430164e-10
"WBGene00009218",2.41e-14,3.28861015228426e-13,6.478562e-10
"WBGene00022006",2.53e-14,3.4506067985794e-13,6.801146e-10
"WBGene00006955",2.66e-14,3.62607099391481e-13,7.150612e-10
"WBGene00022103",2.67e-14,3.63785808413583e-13,7.177494e-10
"WBGene00018497",2.83e-14,3.85390374873354e-13,7.607606e-10
"WBGene00001912",2.87e-14,3.90639696202532e-13,7.715134e-10
"WBGene00003879",2.94e-14,3.99964979757085e-13,7.903308e-10
"WBGene00007817",2.99e-14,4.06561355589277e-13,8.037718e-10
"WBGene00016283",3.16e-14,4.29459656218402e-13,8.494712e-10
"WBGene00011466",3.8e-14,5.16177867609904e-13,1.021516e-09
"WBGene00003514",4.33e-14,5.8787404040404e-13,1.1639906e-09
"WBGene00006439",4.55e-14,6.1743109540636e-13,1.223131e-09
"WBGene00044658",4.67e-14,6.33395257315843e-13,1.2553894e-09
"WBGene00017978",5.25e-14,7.11701966717095e-13,1.411305e-09
"WBGene00013473",5.65e-14,7.65540826612903e-13,1.518833e-09
"WBGene00020551",5.81e-14,7.86823274559194e-13,1.5618442e-09
"WBGene00022423",5.91e-14,7.99962839879154e-13,1.5887262e-09
"WBGene00011938",6.08e-14,8.22559436336185e-13,1.6344256e-09
"WBGene00009948",6.3e-14,8.51894366197183e-13,1.693566e-09
"WBGene00004076",6.33e-14,8.55520663650075e-13,1.7016306e-09
"WBGene00018343",6.36e-14,8.59143316582915e-13,1.7096952e-09
"WBGene00004004",6.42e-14,8.66812857860372e-13,1.7258244e-09
"WBGene00012809",6.55e-14,8.83921184738956e-13,1.760771e-09
"WBGene00007537",6.6e-14,8.90221776216759e-13,1.774212e-09
"WBGene00010108",6.81e-14,9.18086359077232e-13,1.8306642e-09
"WBGene00014665",7.34e-14,9.89042005012531e-13,1.9731388e-09
"WBGene00001031",7.48e-14,1.00740160320641e-12,2.0107736e-09
"WBGene00008262",7.53e-14,1.01362774161242e-12,2.0242146e-09
"WBGene00020414",7.72e-14,1.03868388388388e-12,2.0752904e-09
"WBGene00004227",7.82e-14,1.051612006003e-12,2.1021724e-09
"WBGene00007597",7.86e-14,1.0564626e-12,2.1129252e-09
"WBGene00019322",7.97e-14,1.07071234382809e-12,2.1424954e-09
"WBGene00194816",8.06e-14,1.08226233766234e-12,2.1666892e-09
"WBGene00007777",8.3e-14,1.11393210184723e-12,2.231206e-09
"WBGene00010509",9.15e-14,1.22739670658683e-12,2.459703e-09
"WBGene00021678",9.54e-14,1.27907371571072e-12,2.5645428e-09
"WBGene00014197",9.98e-14,1.33739960119641e-12,2.6828236e-09
"WBGene00011095",1.12e-13,1.50014150473343e-12,3.010784e-09
"WBGene00018314",1.14e-13,1.52616932270916e-12,3.064548e-09
"WBGene00019489",1.16e-13,1.5521712294674e-12,3.118312e-09
"WBGene00010651",1.28e-13,1.71188855721393e-12,3.440896e-09
"WBGene00023407",1.33e-13,1.77787468920935e-12,3.575306e-09
"WBGene00000016",1.34e-13,1.79035188866799e-12,3.602188e-09
"WBGene00000229",1.5e-13,2.00312965722802e-12,4.0323e-09
"WBGene00007996",1.53e-13,2.04217775571003e-12,4.112946e-09
"WBGene00017949",1.58e-13,2.10786898263027e-12,4.247356e-09
"WBGene00020905",1.61e-13,2.14682638888889e-12,4.328002e-09
"WBGene00008707",1.63e-13,2.17134093161546e-12,4.381766e-09
"WBGene00018487",1.63e-13,2.17134093161546e-12,4.381766e-09
"WBGene00020339",1.69e-13,2.25015255076771e-12,4.543058e-09
"WBGene00007999",1.77e-13,2.35550198019802e-12,4.758114e-09
"WBGene00004210",1.9e-13,2.52725383473528e-12,5.10758e-09
"WBGene00014240",1.99e-13,2.64565677546983e-12,5.349518e-09
"WBGene00012791",2e-13,2.65763717251607e-12,5.3764e-09
"WBGene00020571",2.11e-13,2.80242193675889e-12,5.672102e-09
"WBGene00004094",2.4e-13,3.18601481481481e-12,6.45168e-09
"WBGene00022287",2.43e-13,3.22424777887463e-12,6.532326e-09
"WBGene00021878",2.5e-13,3.31549087321164e-12,6.7205e-09
"WBGene00007142",2.64e-13,3.49943195266272e-12,7.096848e-09
"WBGene00017968",2.67e-13,3.5374539181863e-12,7.177494e-09
"WBGene00012637",3.13e-13,4.14486009852217e-12,8.414066e-09
"WBGene00015514",3.24e-13,4.28841358936485e-12,8.709768e-09
"WBGene00020139",3.58e-13,4.73610039370079e-12,9.623756e-09
"WBGene00000753",4.05e-13,5.35524348253812e-12,1.088721e-08
"WBGene00044212",4.38e-13,5.78874926253687e-12,1.1774316e-08
"WBGene00020554",4.48e-13,5.91800294840295e-12,1.2043136e-08
"WBGene00002162",4.66e-13,6.14973588610702e-12,1.2527012e-08
"WBGene00010289",4.66e-13,6.14973588610702e-12,1.2527012e-08
"WBGene00001075",5.03e-13,6.63476251226693e-12,1.3521646e-08
"WBGene00269337",5.13e-13,6.76334771947033e-12,1.3790466e-08
"WBGene00013723",5.22e-13,6.87862941176471e-12,1.4032404e-08
"WBGene00017559",5.29e-13,6.9674561489466e-12,1.4220578e-08
"WBGene00016424",5.37e-13,7.06936043095005e-12,1.4435634e-08
"WBGene00009143",5.44e-13,7.15800685266765e-12,1.4623808e-08
"WBGene00006053",5.54e-13,7.28602152641879e-12,1.4892628e-08
"WBGene00019017",5.89e-13,7.74254180929095e-12,1.5833498e-08
"WBGene00018113",6.17e-13,8.10664418377322e-12,1.6586194e-08
"WBGene00003093",6.18e-13,8.11581631656082e-12,1.6613076e-08
"WBGene00044005",6.21e-13,8.1512314453125e-12,1.6693722e-08
"WBGene00020282",6.28e-13,8.23909028794534e-12,1.6881896e-08
"WBGene00011120",7.11e-13,9.3234643902439e-12,1.9113102e-08
"WBGene00017058",7.13e-13,9.34513213066797e-12,1.9166866e-08
"WBGene00044024",7.25e-13,9.49778265107213e-12,1.948945e-08
"WBGene00009754",7.5e-13,9.82050657574282e-12,2.01615e-08
"WBGene00016535",7.82e-13,1.023452969815e-11,2.1021724e-08
"WBGene00011795",7.83e-13,1.02426306569343e-11,2.1048606e-08
"WBGene00015052",8.08e-13,1.05645214007782e-11,2.1720656e-08
"WBGene00010547",8.34e-13,1.08938717201166e-11,2.2419588e-08
"WBGene00044439",8.34e-13,1.08938717201166e-11,2.2419588e-08
"WBGene00000803",8.41e-13,1.09799718309859e-11,2.2607762e-08
"WBGene00015688",8.5e-13,1.10920873786408e-11,2.28497e-08
"WBGene00016022",8.51e-13,1.10997486656963e-11,2.2876582e-08
"WBGene00014121",9.02e-13,1.17592453928225e-11,2.4247564e-08
"WBGene00017577",9.11e-13,1.18708201648085e-11,2.4489502e-08
"WBGene00011414",9.37e-13,1.22036986434109e-11,2.5188434e-08
"WBGene00017560",9.38e-13,1.2210806779661e-11,2.5215316e-08
"WBGene00003388",1.03e-12,1.34019651500484e-11,2.768846e-08
"WBGene00009620",1.04e-12,1.3525534591195e-11,2.795728e-08
"WBGene00013713",1.05e-12,1.36423876268729e-11,2.82261e-08
"WBGene00235297",1.05e-12,1.36423876268729e-11,2.82261e-08
"WBGene00013700",1.06e-12,1.37656618357488e-11,2.849492e-08
"WBGene00023451",1.07e-12,1.388881699662e-11,2.876374e-08
"WBGene00015335",1.09e-12,1.41347708634829e-11,2.930138e-08
"WBGene00020609",1.09e-12,1.41347708634829e-11,2.930138e-08
"WBGene00018120",1.12e-12,1.45167984570878e-11,3.010784e-08
"WBGene00003431",1.19e-12,1.54092389210019e-11,3.198958e-08
"WBGene00017018",1.19e-12,1.54092389210019e-11,3.198958e-08
"WBGene00011777",1.2e-12,1.55312469908522e-11,3.22584e-08
"WBGene00009416",1.22e-12,1.57825024061598e-11,3.279604e-08
"WBGene00007239",1.26e-12,1.62921212121212e-11,3.387132e-08
"WBGene00008871",1.29e-12,1.66720096153846e-11,3.467778e-08
"WBGene00020658",1.32e-12,1.70515329168669e-11,3.548424e-08
"WBGene00021309",1.4e-12,1.80762728146013e-11,3.76348e-08
"WBGene00044296",1.45e-12,1.8703886756238e-11,3.89789e-08
"WBGene00045387",1.45e-12,1.8703886756238e-11,3.89789e-08
"WBGene00019929",1.46e-12,1.88238465227818e-11,3.924772e-08
"WBGene00006920",1.48e-12,1.90725599232982e-11,3.978536e-08
"WBGene00017658",1.53e-12,1.97074556780067e-11,4.112946e-08
"WBGene00020627",1.59e-12,2.04704885057471e-11,4.274238e-08
"WBGene00010485",1.67e-12,2.14798755980861e-11,4.489294e-08
"WBGene00016058",1.67e-12,2.14798755980861e-11,4.489294e-08
"WBGene00016683",1.68e-12,2.15981635581062e-11,4.516176e-08
"WBGene00011910",1.69e-12,2.17163384321224e-11,4.543058e-08
"WBGene00017154",1.8e-12,2.31187768752986e-11,4.83876e-08
"WBGene00019779",1.84e-12,2.36212416427889e-11,4.946288e-08
"WBGene00003762",2.07e-12,2.65612124105012e-11,5.564574e-08
"WBGene00009081",2.29e-12,2.93701240458015e-11,6.155978e-08
"WBGene00008205",2.3e-12,2.94843109203624e-11,6.18286e-08
"WBGene00012138",2.36e-12,3.02390467111535e-11,6.344152e-08
"WBGene00013165",2.41e-12,3.08649928537399e-11,6.478562e-08
"WBGene00020659",2.57e-12,3.28984476190476e-11,6.908674e-08
"WBGene00018548",2.77e-12,3.5441761066159e-11,7.446314e-08
"WBGene00018640",2.84e-12,3.63201141769743e-11,7.634488e-08
"WBGene00000893",3.13e-12,4.00098240608654e-11,8.414066e-08
"WBGene00007230",3.23e-12,4.12684695817491e-11,8.682886e-08
"WBGene00044533",3.24e-12,4.13765700712589e-11,8.709768e-08
"WBGene00010831",3.42e-12,4.36545299145299e-11,9.193644e-08
"WBGene00003877",3.43e-12,4.37613953488372e-11,9.220526e-08
"WBGene00013651",3.53e-12,4.50158728652751e-11,9.489346e-08
"WBGene00009340",3.57e-12,4.54828151658768e-11,9.596874e-08
"WBGene00020651",3.57e-12,4.54828151658768e-11,9.596874e-08
"WBGene00018910",3.67e-12,4.6734694457603e-11,9.865694e-08
"WBGene00016083",3.84e-12,4.88763636363636e-11,1.0322688e-07
"WBGene00010869",3.88e-12,4.93621202082347e-11,1.0430216e-07
"WBGene00016512",4.07e-12,5.1754843897824e-11,1.0940974e-07
"WBGene00006039",4.13e-12,5.24929834515366e-11,1.1102266e-07
"WBGene00015248",4.25e-12,5.39926748582231e-11,1.142485e-07
"WBGene00016893",4.36e-12,5.53639678790742e-11,1.1720552e-07
"WBGene00007420",4.4e-12,5.58455146364495e-11,1.182808e-07
"WBGene00017262",4.45e-12,5.64534686172723e-11,1.196249e-07
"WBGene00012444",4.69e-12,5.94700849056604e-11,1.2607658e-07
"WBGene00004115",5.13e-12,6.50186987270156e-11,1.3790466e-07
"WBGene00022089",5.17e-12,6.54947879359095e-11,1.3897994e-07
"WBGene00019435",5.32e-12,6.73632783796514e-11,1.4301224e-07
"WBGene00016898",5.36e-12,6.78378154425612e-11,1.4408752e-07
"WBGene00015541",5.37e-12,6.79323952941176e-11,1.4435634e-07
"WBGene00012904",5.4e-12,6.82476727785614e-11,1.451628e-07
"WBGene00019783",5.4e-12,6.82476727785614e-11,1.451628e-07
"WBGene00022090",5.51e-12,6.96051785714286e-11,1.4811982e-07
"WBGene00009449",5.71e-12,7.20978017848755e-11,1.5349622e-07
"WBGene00010719",6.02e-12,7.59763568075117e-11,1.6182964e-07
"WBGene00003470",6.2e-12,7.82113561708118e-11,1.666684e-07
"WBGene00044644",6.37e-12,8.03181707317073e-11,1.7123834e-07
"WBGene00219303",6.38e-12,8.04065447726207e-11,1.7150716e-07
"WBGene00011107",6.39e-12,8.04948359887535e-11,1.7177598e-07
"WBGene00013449",6.44e-12,8.10866885245902e-11,1.7312008e-07
"WBGene00011548",6.6e-12,8.30623595505618e-11,1.774212e-07
"WBGene00021381",6.94e-12,8.73004585868039e-11,1.8656108e-07
"WBGene00009113",6.99e-12,8.7888297474275e-11,1.8790518e-07
"WBGene00013696",7.22e-12,9.07377466105657e-11,1.9408804e-07
"WBGene00019561",7.31e-12,9.18258971962617e-11,1.9650742e-07
"WBGene00008661",7.42e-12,9.3164147594582e-11,1.9946444e-07
"WBGene00022336",7.88e-12,9.88936321195145e-11,2.1183016e-07
"WBGene00009899",8.01e-12,1.0047821745217e-10,2.1532482e-07
"WBGene00004962",8.02e-12,1.00556735074627e-10,2.1559364e-07
"WBGene00020788",8.07e-12,1.01136475524476e-10,2.1693774e-07
"WBGene00235293",8.1e-12,1.014651444548e-10,2.177442e-07
"WBGene00021288",8.23e-12,1.03045579878901e-10,2.2123886e-07
"WBGene00000282",8.31e-12,1.03998798882682e-10,2.2338942e-07
"WBGene00010373",8.53e-12,1.06702401116799e-10,2.2930346e-07
"WBGene00017212",9.05e-12,1.13154465116279e-10,2.432821e-07
"WBGene00013956",9.13e-12,1.14101655044166e-10,2.4543266e-07
"WBGene00016680",9.15e-12,1.14298466542751e-10,2.459703e-07
"WBGene00016417",9.49e-12,1.18490562006503e-10,2.5511018e-07
"WBGene00269346",9.72e-12,1.21305961002786e-10,2.6129304e-07
"WBGene00018119",9.73e-12,1.21374412993039e-10,2.6156186e-07
"WBGene00000988",9.82e-12,1.22440278293135e-10,2.6398124e-07
"WBGene00021415",1.07e-11,1.33350672229949e-10,2.876374e-07
"WBGene00004976",1.13e-11,1.40763021316033e-10,3.037666e-07
"WBGene00022653",1.15e-11,1.43188050023159e-10,3.09143e-07
"WBGene00012911",1.16e-11,1.44366296296296e-10,3.118312e-07
"WBGene00001877",1.18e-11,1.46787413234614e-10,3.172076e-07
"WBGene00020592",1.31e-11,1.62808229311142e-10,3.521542e-07
"WBGene00020846",1.31e-11,1.62808229311142e-10,3.521542e-07
"WBGene00019626",1.33e-11,1.65217467652495e-10,3.575306e-07
"WBGene00022589",1.36e-11,1.68866143187067e-10,3.655952e-07
"WBGene00015820",1.37e-11,1.70029270544783e-10,3.682834e-07
"WBGene00019298",1.38e-11,1.71191324411629e-10,3.709716e-07
"WBGene00003528",1.39e-11,1.72272844628861e-10,3.736598e-07
"WBGene00009115",1.39e-11,1.72272844628861e-10,3.736598e-07
"WBGene00010900",1.45e-11,1.79626267281106e-10,3.89789e-07
"WBGene00003438",1.46e-11,1.80781759557807e-10,3.924772e-07
"WBGene00019311",1.55e-11,1.91837476979742e-10,4.16671e-07
"WBGene00017719",1.6e-11,1.97934652554073e-10,4.30112e-07
"WBGene00000685",1.62e-11,2.00316651333947e-10,4.354884e-07
"WBGene00016934",1.63e-11,2.01460505747126e-10,4.381766e-07
"WBGene00003534",1.66e-11,2.05074080882353e-10,4.462412e-07
"WBGene00009971",1.68e-11,2.07449517684887e-10,4.516176e-07
"WBGene00010091",1.71e-11,2.11057024793388e-10,4.596822e-07
"WBGene00009573",1.75e-11,2.15795871559633e-10,4.70435e-07
"WBGene00013304",1.75e-11,2.15795871559633e-10,4.70435e-07
"WBGene00007240",1.77e-11,2.18162035763411e-10,4.758114e-07
"WBGene00013987",1.78e-11,2.19294042163153e-10,4.784996e-07
"WBGene00002348",1.85e-11,2.27813559322034e-10,4.97317e-07
"WBGene00011273",1.87e-11,2.30170970695971e-10,5.026934e-07
"WBGene00044271",1.94e-11,2.38677711670481e-10,5.215108e-07
"WBGene00022849",1.97e-11,2.42257731015554e-10,5.295754e-07
"WBGene00011594",2.03e-11,2.49521993598537e-10,5.457046e-07
"WBGene00009450",2.12e-11,2.6034645957058e-10,5.698984e-07
"WBGene00016358",2.12e-11,2.6034645957058e-10,5.698984e-07
"WBGene00001239",2.13e-11,2.61455068493151e-10,5.725866e-07
"WBGene00001795",2.14e-11,2.62562665449566e-10,5.752748e-07
"WBGene00020678",2.2e-11,2.69801094890511e-10,5.91404e-07
"WBGene00015442",2.27e-11,2.78258732330141e-10,6.102214e-07
"WBGene00009548",2.3e-11,2.81807657247037e-10,6.18286e-07
"WBGene00000214",2.39e-11,2.92701503416856e-10,6.424798e-07
"WBGene00002200",2.41e-11,2.95016484517304e-10,6.478562e-07
"WBGene00019819",2.45e-11,2.99776513427401e-10,6.58609e-07
"WBGene00019785",2.48e-11,3.03309190172884e-10,6.666736e-07
"WBGene00000869",2.49e-11,3.04393724420191e-10,6.693618e-07
"WBGene00022705",2.51e-11,3.06699181818182e-10,6.747382e-07
"WBGene00194912",2.66e-11,3.2488014538846e-10,7.150612e-07
"WBGene00001731",2.68e-11,3.27174205267938e-10,7.204376e-07
"WBGene00009581",2.77e-11,3.38007898320472e-10,7.446314e-07
"WBGene00012855",2.8e-11,3.41513611615245e-10,7.52696e-07
"WBGene00009685",2.81e-11,3.42267421839601e-10,7.553842e-07
"WBGene00018963",2.81e-11,3.42267421839601e-10,7.553842e-07
"WBGene00021107",2.81e-11,3.42267421839601e-10,7.553842e-07
"WBGene00017384",2.91e-11,3.5428722826087e-10,7.822662e-07
"WBGene00007190",2.95e-11,3.58994567677682e-10,7.93019e-07
"WBGene00012199",3.02e-11,3.67346787330317e-10,8.118364e-07
"WBGene00003091",3.09e-11,3.7569145183175e-10,8.306538e-07
"WBGene00012605",3.11e-11,3.77952169981917e-10,8.360302e-07
"WBGene00020283",3.13e-11,3.80210845006778e-10,8.414066e-07
"WBGene00010627",3.2e-11,3.88538392050587e-10,8.60224e-07
"WBGene00014666",3.23e-11,3.9200388261851e-10,8.682886e-07
"WBGene00013194",3.27e-11,3.96679332129964e-10,8.790414e-07
"WBGene00019689",3.33e-11,4.03775642760487e-10,8.951706e-07
"WBGene00015629",3.47e-11,4.20561496844004e-10,9.328054e-07
"WBGene00011530",3.55e-11,4.30063542136097e-10,9.54311e-07
"WBGene00010314",3.59e-11,4.34713423423423e-10,9.650638e-07
"WBGene00006649",3.68e-11,4.45410895992796e-10,9.892576e-07
"WBGene00000687",3.69e-11,4.46420252025203e-10,9.919458e-07
"WBGene00019030",3.7e-11,4.47428699955016e-10,9.94634e-07
"WBGene00017386",3.73e-11,4.5085368705036e-10,1.0026986e-06
"WBGene00000230",3.74e-11,4.51656244384546e-10,1.0053868e-06
"WBGene00015917",3.74e-11,4.51656244384546e-10,1.0053868e-06
"WBGene00010948",3.75e-11,4.52660529860799e-10,1.008075e-06
"WBGene00011114",3.77e-11,4.54870466786356e-10,1.0134514e-06
"WBGene00015841",4.19e-11,5.0531888739345e-10,1.1263558e-06
"WBGene00013800",4.21e-11,5.07503228699552e-10,1.1317322e-06
"WBGene00006915",4.64e-11,5.59087763334827e-10,1.2473248e-06
"WBGene00017186",4.79e-11,5.76903136200717e-10,1.2876478e-06
"WBGene00013716",4.85e-11,5.83606535362578e-10,1.303777e-06
"WBGene00015051",4.85e-11,5.83606535362578e-10,1.303777e-06
"WBGene00004231",4.94e-11,5.94170380313199e-10,1.3279708e-06
"WBGene00003764",4.96e-11,5.96309123434705e-10,1.3333472e-06
"WBGene00007457",5.1e-11,6.1286633884667e-10,1.370982e-06
"WBGene00008628",5.12e-11,6.14994816800715e-10,1.3763584e-06
"WBGene00018048",5.29e-11,6.35130772666369e-10,1.4220578e-06
"WBGene00000606",5.47e-11,6.56448839285714e-10,1.4704454e-06
"WBGene00007733",5.53e-11,6.63353235162874e-10,1.4865746e-06
"WBGene00008811",5.6e-11,6.71450490633363e-10,1.505392e-06
"WBGene00008074",5.71e-11,6.84334462773072e-10,1.5349622e-06
"WBGene00022621",5.76e-11,6.90019251336898e-10,1.5484032e-06
"WBGene00000745",5.77e-11,6.90909309576837e-10,1.5510914e-06
"WBGene00016329",5.88e-11,7.03767408726625e-10,1.5806616e-06
"WBGene00022817",6.07e-11,7.26184868713841e-10,1.6317374e-06
"WBGene00010128",6.36e-11,7.60540569395018e-10,1.7096952e-06
"WBGene00010474",6.8e-11,8.12795020008893e-10,1.827976e-06
"WBGene00019994",7.28e-11,8.69782044444444e-10,1.9570096e-06
"WBGene00008974",7.44e-11,8.8850324300311e-10,2.0000208e-06
"WBGene00012965",7.64e-11,9.11982593250444e-10,2.0537848e-06
"WBGene00020915",7.89e-11,9.41406924101198e-10,2.1209898e-06
"WBGene00019540",8.07e-11,9.6245669920142e-10,2.1693774e-06
"WBGene00006449",8.23e-11,9.81103592017738e-10,2.2123886e-06
"WBGene00018529",8.24e-11,9.81860283687943e-10,2.2150768e-06
"WBGene00010486",8.45e-11,1.00643730615862e-09,2.271529e-06
"WBGene00012979",8.56e-11,1.01908733392383e-09,2.3010992e-06
"WBGene00002056",8.65e-11,1.02934617087207e-09,2.325293e-06
"WBGene00219451",8.72e-11,1.03721699115044e-09,2.3441104e-06
"WBGene00003767",8.89e-11,1.05697027863777e-09,2.3898098e-06
"WBGene00012172",9.6e-11,1.14088063660477e-09,2.580672e-06
"WBGene00009561",9.79e-11,1.16294644277508e-09,2.6317478e-06
"WBGene00014104",1e-10,1.18736749116608e-09,2.6882e-06
"WBGene00010453",1.01e-10,1.19765416850463e-09,2.715082e-06
"WBGene00015992",1.01e-10,1.19765416850463e-09,2.715082e-06
"WBGene00016431",1.01e-10,1.19765416850463e-09,2.715082e-06
"WBGene00012827",1.04e-10,1.23268430335097e-09,2.795728e-06
"WBGene00011176",1.07e-10,1.26712511013216e-09,2.876374e-06
"WBGene00014238",1.07e-10,1.26712511013216e-09,2.876374e-06
"WBGene00001700",1.09e-10,1.29024130339058e-09,2.930138e-06
"WBGene00002186",1.11e-10,1.31333714788732e-09,2.983902e-06
"WBGene00013846",1.12e-10,1.32458600967884e-09,3.010784e-06
"WBGene00016420",1.21e-10,1.43039665787159e-09,3.252722e-06
"WBGene00022245",1.25e-10,1.47703296703297e-09,3.36025e-06
"WBGene00010830",1.26e-10,1.48819507908612e-09,3.387132e-06
"WBGene00017426",1.27e-10,1.49868920105356e-09,3.414014e-06
"WBGene00044623",1.27e-10,1.49868920105356e-09,3.414014e-06
"WBGene00016598",1.31e-10,1.54521369021501e-09,3.521542e-06
"WBGene00044177",1.33e-10,1.56811666666667e-09,3.575306e-06
"WBGene00000634",1.34e-10,1.57921437965804e-09,3.602188e-06
"WBGene00011401",1.41e-10,1.66098247151621e-09,3.790362e-06
"WBGene00006921",1.43e-10,1.68380464301358e-09,3.844126e-06
"WBGene00000027",1.48e-10,1.74191593695271e-09,3.978536e-06
"WBGene00019564",1.49e-10,1.7529181619256e-09,4.005418e-06
"WBGene00015026",1.54e-10,1.81094838145232e-09,4.139828e-06
"WBGene00022283",1.56e-10,1.83366506340184e-09,4.193592e-06
"WBGene00018178",1.57e-10,1.84461276223776e-09,4.220474e-06
"WBGene00009041",1.61e-10,1.89078287461774e-09,4.328002e-06
"WBGene00017444",1.64e-10,1.92517379912664e-09,4.408648e-06
"WBGene00001690",1.66e-10,1.94695113438045e-09,4.462412e-06
"WBGene00006686",1.66e-10,1.94695113438045e-09,4.462412e-06
"WBGene00017955",1.67e-10,1.95782555604012e-09,4.489294e-06
"WBGene00019756",1.68e-10,1.96783267973856e-09,4.516176e-06
"WBGene00022700",1.68e-10,1.96783267973856e-09,4.516176e-06
"WBGene00010871",1.71e-10,2.00210017421603e-09,4.596822e-06
"WBGene00008500",1.74e-10,2.03633783195472e-09,4.677468e-06
"WBGene00045399",1.75e-10,2.04714969538729e-09,4.70435e-06
"WBGene00010723",1.81e-10,2.11641670291431e-09,4.865642e-06
"WBGene00004902",1.84e-10,2.15056e-09,4.946288e-06
"WBGene00007244",1.85e-10,2.16036924413553e-09,4.97317e-06
"WBGene00017340",1.85e-10,2.16036924413553e-09,4.97317e-06
"WBGene00018134",1.89e-10,2.20612158054711e-09,5.080698e-06
"WBGene00012921",1.9e-10,2.21683159722222e-09,5.10758e-06
"WBGene00011918",1.92e-10,2.23919479392625e-09,5.161344e-06
"WBGene00219374",1.99e-10,2.31982567215958e-09,5.349518e-06
"WBGene00010790",2.1e-10,2.44699609882965e-09,5.64522e-06
"WBGene00012924",2.12e-10,2.46923050259965e-09,5.698984e-06
"WBGene00019152",2.16e-10,2.5147301862278e-09,5.806512e-06
"WBGene00000176",2.17e-10,2.52527878787879e-09,5.833394e-06
"WBGene00012597",2.24e-10,2.60561142362614e-09,6.021568e-06
"WBGene00021496",2.29e-10,2.66262024221453e-09,6.155978e-06
"WBGene00015929",2.31e-10,2.68471335927367e-09,6.209742e-06
"WBGene00017126",2.41e-10,2.79972428694901e-09,6.478562e-06
"WBGene00015340",2.46e-10,2.85657537796976e-09,6.612972e-06
"WBGene00018706",2.48e-10,2.87855613126079e-09,6.666736e-06
"WBGene00119204",2.49e-10,2.88891583944756e-09,6.693618e-06
"WBGene00017620",2.52e-10,2.92246074201898e-09,6.774264e-06
"WBGene00009470",2.53e-10,2.93279258300992e-09,6.801146e-06
"WBGene00013766",2.55e-10,2.9547025862069e-09,6.85491e-06
"WBGene00014095",2.69e-10,3.1155786299009e-09,7.231258e-06
"WBGene00004091",2.83e-10,3.27631610680448e-09,7.607606e-06
"WBGene00014125",2.88e-10,3.3327662505381e-09,7.742016e-06
"WBGene00013891",2.92e-10,3.37760068846816e-09,7.849544e-06
"WBGene00002010",2.98e-10,3.44552086021505e-09,8.010836e-06
"WBGene00009215",3.03e-10,3.50182545141874e-09,8.145246e-06
"WBGene00021623",3.15e-10,3.63894714224323e-09,8.46783e-06
"WBGene00015937",3.26e-10,3.76440378006873e-09,8.763532e-06
"WBGene00008482",3.29e-10,3.79741434091885e-09,8.844178e-06
"WBGene00022079",3.37e-10,3.88808326180258e-09,9.059234e-06
"WBGene00185097",3.38e-10,3.89794766194766e-09,9.086116e-06
"WBGene00021639",3.45e-10,3.97696826758148e-09,9.27429e-06
"WBGene00019285",3.47e-10,3.9983086155165e-09,9.328054e-06
"WBGene00016595",3.51e-10,4.04266580976864e-09,9.435582e-06
"WBGene00007794",3.6e-10,4.14454817987152e-09,9.67752e-06
"WBGene00017075",3.96e-10,4.55705136986301e-09,1.0645272e-05
"WBGene00022761",4.09e-10,4.70463756953359e-09,1.0994738e-05
"WBGene00010241",4.21e-10,4.8405996578272e-09,1.1317322e-05
"WBGene00005013",4.38e-10,5.0339102180419e-09,1.1774316e-05
"WBGene00001692",4.43e-10,5.08919914529915e-09,1.1908726e-05
"WBGene00001701",4.48e-10,5.14444083724904e-09,1.2043136e-05
"WBGene00010467",4.5e-10,5.16299615877081e-09,1.20969e-05
"WBGene00010920",4.5e-10,5.16299615877081e-09,1.20969e-05
"WBGene00019431",4.82e-10,5.52778327645051e-09,1.2957124e-05
"WBGene00013785",4.88e-10,5.59420724946695e-09,1.3118416e-05
"WBGene00016259",4.96e-10,5.68349190110827e-09,1.3333472e-05
"WBGene00004509",5.11e-10,5.85287686408181e-09,1.3736702e-05
"WBGene00000115",5.14e-10,5.88473083475298e-09,1.3817348e-05
"WBGene00008579",5.17e-10,5.91404e-09,1.3897994e-05
"WBGene00018631",5.17e-10,5.91404e-09,1.3897994e-05
"WBGene00019855",5.22e-10,5.96869587409613e-09,1.4032404e-05
"WBGene00015944",5.24e-10,5.98901700680272e-09,1.4086168e-05
"WBGene00023490",5.41e-10,6.18068933276668e-09,1.4543162e-05
"WBGene00004875",5.44e-10,6.21232285471538e-09,1.4623808e-05
"WBGene00007210",5.66e-10,6.4608118895966e-09,1.5215212e-05
"WBGene00016644",6.01e-10,6.85742020373514e-09,1.6156082e-05
"WBGene00009708",6.03e-10,6.87440458015267e-09,1.6209846e-05
"WBGene00019501",6.03e-10,6.87440458015267e-09,1.6209846e-05
"WBGene00016434",6.25e-10,7.12219160661297e-09,1.680125e-05
"WBGene00021471",6.26e-10,7.13056440677966e-09,1.6828132e-05
"WBGene00044107",6.27e-10,7.13893011435832e-09,1.6855014e-05
"WBGene00007948",6.33e-10,7.20419390347163e-09,1.7016306e-05
"WBGene00021224",6.35e-10,7.2238975878121e-09,1.707007e-05
"WBGene00015313",6.42e-10,7.30044162436548e-09,1.7258244e-05
"WBGene00018895",6.45e-10,7.33145454545455e-09,1.733889e-05
"WBGene00011561",6.52e-10,7.40788841927303e-09,1.7527064e-05
"WBGene00018572",6.64e-10,7.54104267004647e-09,1.7849648e-05
"WBGene00050940",6.7e-10,7.60597128378378e-09,1.801094e-05
"WBGene00019949",6.76e-10,7.67084508231321e-09,1.8172232e-05
"WBGene00015765",6.77e-10,7.67895105485232e-09,1.8199114e-05
"WBGene00020991",6.78e-10,7.68705018979334e-09,1.8225996e-05
"WBGene00017648",6.9e-10,7.81980607082631e-09,1.854858e-05
"WBGene00017068",6.92e-10,7.83916729877792e-09,1.8602344e-05
"WBGene00015097",6.95e-10,7.86983572030328e-09,1.868299e-05
"WBGene00020661",7.31e-10,8.27399663157895e-09,1.9650742e-05
"WBGene00007178",7.7e-10,8.71175925925926e-09,2.069914e-05
"WBGene00305018",7.72e-10,8.73071266302061e-09,2.0752904e-05
"WBGene00000776",7.9e-10,8.93052144659378e-09,2.123678e-05
"WBGene00000591",7.97e-10,9.00586548970156e-09,2.1424954e-05
"WBGene00007185",8.03e-10,9.0698512605042e-09,2.1586246e-05
"WBGene00015058",8.1e-10,9.14507349853003e-09,2.177442e-05
"WBGene00010225",8.16e-10,9.20894710327456e-09,2.1935712e-05
"WBGene00009683",8.2e-10,9.25020562316408e-09,2.204324e-05
"WBGene00017553",8.22e-10,9.26887751677852e-09,2.2097004e-05
"WBGene00019858",8.25e-10,9.29880503144654e-09,2.217765e-05
"WBGene00010345",8.38e-10,9.44137300922045e-09,2.2527116e-05
"WBGene00044684",8.59e-10,9.67391621281944e-09,2.3091638e-05
"WBGene00010993",8.81e-10,9.91752177554439e-09,2.3683042e-05
"WBGene00013318",9.01e-10,1.01384185851821e-08,2.4220682e-05
"WBGene00017114",9.14e-10,1.02803966527197e-08,2.4570148e-05
"WBGene00004735",9.38e-10,1.05459289000418e-08,2.5215316e-05
"WBGene00020397",9.45e-10,1.06201881270903e-08,2.540349e-05
"WBGene00000738",9.62e-10,1.08067212703719e-08,2.5860484e-05
"WBGene00235165",9.67e-10,1.08583517126149e-08,2.5994894e-05
"WBGene00019111",9.93e-10,1.11456475991649e-08,2.6693826e-05
"WBGene00021603",9.95e-10,1.11634348914858e-08,2.674759e-05
"WBGene00008779",1.05e-09,1.1765777407253e-08,2.82261e-05
"WBGene00019184",1.05e-09,1.1765777407253e-08,2.82261e-05
"WBGene00022781",1.05e-09,1.1765777407253e-08,2.82261e-05
"WBGene00000497",1.06e-09,1.18679383590171e-08,2.849492e-05
"WBGene00012912",1.06e-09,1.18679383590171e-08,2.849492e-05
"WBGene00000611",1.07e-09,1.19699292550978e-08,2.876374e-05
"WBGene00010246",1.07e-09,1.19699292550978e-08,2.876374e-05
"WBGene00015994",1.09e-09,1.2183525987526e-08,2.930138e-05
"WBGene00016921",1.09e-09,1.2183525987526e-08,2.930138e-05
"WBGene00013138",1.13e-09,1.26253782211139e-08,3.037666e-05
"WBGene00010760",1.16e-09,1.29551807228916e-08,3.118312e-05
"WBGene00010114",1.2e-09,1.33963455149502e-08,3.22584e-05
"WBGene00003465",1.21e-09,1.35023744292237e-08,3.252722e-05
"WBGene00021704",1.24e-09,1.38314024896266e-08,3.333368e-05
"WBGene00007685",1.33e-09,1.48291414350892e-08,3.575306e-05
"WBGene00009664",1.34e-09,1.4928255283879e-08,3.602188e-05
"WBGene00019678",1.34e-09,1.4928255283879e-08,3.602188e-05
"WBGene00015823",1.36e-09,1.51447887323944e-08,3.655952e-05
"WBGene00013559",1.39e-09,1.54724554865424e-08,3.736598e-05
"WBGene00019530",1.4e-09,1.55773178807947e-08,3.76348e-05
"WBGene00002067",1.41e-09,1.56756079404467e-08,3.790362e-05
"WBGene00077569",1.41e-09,1.56756079404467e-08,3.790362e-05
"WBGene00303081",1.45e-09,1.61136420008268e-08,3.89789e-05
"WBGene00004104",1.46e-09,1.62180661157025e-08,3.924772e-05
"WBGene00006911",1.47e-09,1.63224039653036e-08,3.951654e-05
"WBGene00016675",1.48e-09,1.64266556564822e-08,3.978536e-05
"WBGene00009193",1.5e-09,1.66417664052827e-08,4.0323e-05
"WBGene00304992",1.54e-09,1.7078498349835e-08,4.139828e-05
"WBGene00020116",1.59e-09,1.76257237113402e-08,4.274238e-05
"WBGene00019015",1.64e-09,1.81724979389942e-08,4.408648e-05
"WBGene00002054",1.65e-09,1.82757725587145e-08,4.43553e-05
"WBGene00016258",1.66e-09,1.83789621087315e-08,4.462412e-05
"WBGene00015572",1.68e-09,1.85927377521614e-08,4.516176e-05
"WBGene00000023",1.69e-09,1.86880213903743e-08,4.543058e-05
"WBGene00044206",1.69e-09,1.86880213903743e-08,4.543058e-05
"WBGene00017922",1.75e-09,1.93435444078947e-08,4.70435e-05
"WBGene00000067",1.78e-09,1.96589811010682e-08,4.784996e-05
"WBGene00000225",1.78e-09,1.96589811010682e-08,4.784996e-05
"WBGene00007330",1.79e-09,1.97613059548255e-08,4.811878e-05
"WBGene00001251",1.83e-09,2.01863192449733e-08,4.919406e-05
"WBGene00011954",1.83e-09,2.01863192449733e-08,4.919406e-05
"WBGene00003075",1.87e-09,2.06190894175554e-08,5.026934e-05
"WBGene00011979",1.88e-09,2.07123606557377e-08,5.053816e-05
"WBGene00021786",1.88e-09,2.07123606557377e-08,5.053816e-05
"WBGene00018580",1.9e-09,2.09241294551413e-08,5.10758e-05
"WBGene00018353",1.92e-09,2.11357248157248e-08,5.161344e-05
"WBGene00000626",1.93e-09,2.12371101105199e-08,5.188226e-05
"WBGene00008260",1.97e-09,2.1668387888707e-08,5.295754e-05
"WBGene00012115",1.98e-09,2.1769472392638e-08,5.322636e-05
"WBGene00008277",2e-09,2.1971393543114e-08,5.3764e-05
"WBGene00008652",2e-09,2.1971393543114e-08,5.3764e-05
"WBGene00013926",2.01e-09,2.20722303921569e-08,5.403282e-05
"WBGene00019061",2.04e-09,2.23925193956717e-08,5.483928e-05
"WBGene00000747",2.11e-09,2.31514367346939e-08,5.672102e-05
"WBGene00016997",2.14e-09,2.34710240718074e-08,5.752748e-05
"WBGene00021529",2.18e-09,2.38999836867863e-08,5.860276e-05
"WBGene00004221",2.21e-09,2.42190052996331e-08,5.940922e-05
"WBGene00013085",2.26e-09,2.47568541157294e-08,6.075332e-05
"WBGene00016962",2.29e-09,2.5075266802444e-08,6.155978e-05
"WBGene00219436",2.31e-09,2.52839657980456e-08,6.209742e-05
"WBGene00012777",2.35e-09,2.57113146113146e-08,6.31727e-05
"WBGene00007736",2.42e-09,2.6466411716843e-08,6.505444e-05
"WBGene00007430",2.44e-09,2.66742903619357e-08,6.559208e-05
"WBGene00010011",2.46e-09,2.6882e-08,6.612972e-05
"WBGene00001569",2.59e-09,2.8291093051605e-08,6.962438e-05
"WBGene00008529",2.69e-09,2.93714784727864e-08,7.231258e-05
"WBGene00015246",2.71e-09,2.95778400324807e-08,7.285022e-05
"WBGene00004017",2.78e-09,3.03295292207792e-08,7.473196e-05
"WBGene00012173",2.91e-09,3.17349371196755e-08,7.822662e-05
"WBGene00009492",3.24e-09,3.53194160583942e-08,8.709768e-05
"WBGene00001879",3.34e-09,3.63947628698824e-08,8.978588e-05
"WBGene00009904",3.35e-09,3.64889384116694e-08,9.00547e-05
"WBGene00022282",3.4e-09,3.70185500202511e-08,9.13988e-05
"WBGene00008743",3.44e-09,3.74388987854251e-08,9.247408e-05
"WBGene00010008",3.45e-09,3.75325374342371e-08,9.27429e-05
"WBGene00004321",3.46e-09,3.76261003236246e-08,9.301172e-05
"WBGene00019273",3.49e-09,3.79369915082895e-08,9.381818e-05
"WBGene00007700",3.61e-09,3.92255537590946e-08,9.704402e-05
"WBGene00018563",3.67e-09,3.98613898989899e-08,9.865694e-05
"WBGene00021952",3.71e-09,4.02795718901454e-08,9.973222e-05
"WBGene00013429",3.78e-09,4.10229955591441e-08,0.00010161396
"WBGene00001858",3.85e-09,4.17658192090395e-08,0.0001034957
"WBGene00022634",3.87e-09,4.19658491327148e-08,0.00010403334
"WBGene00009528",3.9e-09,4.22741129032258e-08,0.0001048398
"WBGene00009500",3.92e-09,4.24737767029424e-08,0.00010537744
"WBGene00013879",3.96e-09,4.28898952457695e-08,0.00010645272
"WBGene00006583",3.98e-09,4.30891502215062e-08,0.00010699036
"WBGene00001772",4.05e-09,4.3829347826087e-08,0.0001088721
"WBGene00000216",4.1e-09,4.43525955734406e-08,0.0001102162
"WBGene00007325",4.37e-09,4.72543604183427e-08,0.00011747434
"WBGene00009459",4.42e-09,4.77566077170418e-08,0.00011881844
"WBGene00014129",4.42e-09,4.77566077170418e-08,0.00011881844
"WBGene00016653",4.53e-09,4.89254560064283e-08,0.00012177546
"WBGene00015103",4.54e-09,4.90137670682731e-08,0.00012204428
"WBGene00006917",4.57e-09,4.93178402248093e-08,0.00012285074
"WBGene00011378",4.59e-09,4.95137961476726e-08,0.00012338838
"WBGene00011478",4.6e-09,4.95818765036087e-08,0.0001236572
"WBGene00018158",4.6e-09,4.95818765036087e-08,0.0001236572
"WBGene00009824",4.73e-09,5.09422516025641e-08,0.00012715186
"WBGene00013524",4.73e-09,5.09422516025641e-08,0.00012715186
"WBGene00000544",4.8e-09,5.16754505406488e-08,0.0001290336
"WBGene00002827",5e-09,5.38070456365092e-08,0.00013441
"WBGene00009149",5.13e-09,5.518393757503e-08,0.00013790466
"WBGene00000397",5.16e-09,5.5484448e-08,0.00013871112
"WBGene00219265",5.2e-09,5.58922031187525e-08,0.0001397864
"WBGene00014157",5.3e-09,5.69442845723421e-08,0.0001424746
"WBGene00007385",5.32e-09,5.71363324011187e-08,0.00014301224
"WBGene00017672",5.6e-09,6.01194888178914e-08,0.0001505392
"WBGene00004908",5.64e-09,6.05247425149701e-08,0.00015161448
"WBGene00009643",5.67e-09,6.08224022346369e-08,0.00015242094
"WBGene00014185",5.87e-09,6.29426964499402e-08,0.00015779734
"WBGene00009888",5.9e-09,6.32139497807892e-08,0.0001586038
"WBGene00019268",5.9e-09,6.32139497807892e-08,0.0001586038
"WBGene00010702",5.99e-09,6.41526613545817e-08,0.00016102318
"WBGene00013303",6.13e-09,6.56259099960175e-08,0.00016478666
"WBGene00018965",6.33e-09,6.7740071656051e-08,0.00017016306
"WBGene00003162",6.37e-09,6.81410027855153e-08,0.00017123834
"WBGene00016264",6.4e-09,6.84346857597454e-08,0.0001720448
"WBGene00010296",6.5e-09,6.94763419483101e-08,0.000174733
"WBGene00016607",6.69e-09,7.14787678855326e-08,0.00017984058
"WBGene00012433",6.81e-09,7.27319904648391e-08,0.00018306642
"WBGene00011393",6.85e-09,7.31301429706116e-08,0.0001841417
"WBGene00020576",7.01e-09,7.48085827709409e-08,0.00018844282
"WBGene00007867",7.12e-09,7.59523174603175e-08,0.00019139984
"WBGene00010714",7.28e-09,7.76283062276874e-08,0.00019570096
"WBGene00003553",7.43e-09,7.91963758921491e-08,0.00019973326
"WBGene00019154",7.44e-09,7.92715338882283e-08,0.00020000208
"WBGene00002026",7.49e-09,7.97410613861386e-08,0.00020134618
"WBGene00003089",7.49e-09,7.97410613861386e-08,0.00020134618
"WBGene00012980",7.58e-09,8.06672842438638e-08,0.00020376556
"WBGene00015422",7.68e-09,8.1699153146023e-08,0.00020645376
"WBGene00021368",7.78e-09,8.27302056962025e-08,0.00020914196
"WBGene00003533",7.85e-09,8.34415579280348e-08,0.0002110237
"WBGene00021646",8.04e-09,8.54273833992095e-08,0.00021613128
"WBGene00018227",8.06e-09,8.56060529435006e-08,0.00021666892
"WBGene00016018",8.18e-09,8.68462717219589e-08,0.00021989476
"WBGene00044683",8.29e-09,8.79793841294907e-08,0.00022285178
"WBGene00017175",8.51e-09,9.02785398579321e-08,0.00022876582
"WBGene00044634",8.67e-09,9.19396213017751e-08,0.00023306694
"WBGene00010563",8.77e-09,9.29633832807571e-08,0.00023575514
"WBGene00020218",8.81e-09,9.33505794245172e-08,0.00023683042
"WBGene00011128",8.89e-09,9.41611426319937e-08,0.00023898098
"WBGene00023424",8.9e-09,9.42299330445057e-08,0.0002392498
"WBGene00010836",9.03e-09,9.55686850393701e-08,0.00024274446
"WBGene00002130",9.08e-09,9.60600393545848e-08,0.00024408856
"WBGene00018926",9.22e-09,9.7502769472856e-08,0.00024785204
"WBGene00011831",9.67e-09,1.02221368462446e-07,0.00025994894
"WBGene00012143",9.83e-09,1.03871878930818e-07,0.00026425006
"WBGene00022888",9.86e-09,1.04147944990177e-07,0.00026505652
"WBGene00019906",9.91e-09,1.04634964650432e-07,0.00026640062
"WBGene00020022",9.95e-09,1.05016058107578e-07,0.0002674759
"WBGene00008125",9.98e-09,1.05291350078493e-07,0.00026828236
"WBGene00305049",1e-08,1.05460965084347e-07,0.00026882
"WBGene00003468",1.01e-08,1.06432065856527e-07,0.0002715082
"WBGene00009324",1.01e-08,1.06432065856527e-07,0.0002715082
"WBGene00017398",1.03e-08,1.0849710031348e-07,0.0002768846
"WBGene00011015",1.04e-08,1.09507559733647e-07,0.0002795728
"WBGene00011133",1.05e-08,1.10517227877839e-07,0.000282261
"WBGene00006937",1.06e-08,1.11526105675147e-07,0.0002849492
"WBGene00007331",1.09e-08,1.14637636932707e-07,0.0002930138
"WBGene00007771",1.11e-08,1.16649804534793e-07,0.0002983902
"WBGene00007807",1.11e-08,1.16649804534793e-07,0.0002983902
"WBGene00008032",1.15e-08,1.20758984375e-07,0.000309143
"WBGene00009835",1.15e-08,1.20758984375e-07,0.000309143
"WBGene00008235",1.16e-08,1.21761499414291e-07,0.0003118312
"WBGene00013499",1.18e-08,1.23812490241998e-07,0.0003172076
"WBGene00004222",1.19e-08,1.2481303160359e-07,0.0003198958
"WBGene00013458",1.22e-08,1.27909672386895e-07,0.0003279604
"WBGene00022002",1.24e-08,1.29955867446394e-07,0.0003333368
"WBGene00010357",1.25e-08,1.30952844894778e-07,0.000336025
"WBGene00019084",1.26e-08,1.31949045578496e-07,0.0003387132
"WBGene00015439",1.29e-08,1.3503808411215e-07,0.0003467778
"WBGene00010366",1.3e-08,1.36031919034644e-07,0.000349466
"WBGene00006351",1.33e-08,1.39116964980545e-07,0.0003575306
"WBGene00008359",1.35e-08,1.41154025670945e-07,0.000362907
"WBGene00012104",1.36e-08,1.4214432348367e-07,0.0003655952
"WBGene00015802",1.38e-08,1.44178624174116e-07,0.0003709716
"WBGene00010510",1.4e-08,1.46211344211344e-07,0.000376348
"WBGene00012627",1.42e-08,1.48184937888199e-07,0.0003817244
"WBGene00050915",1.42e-08,1.48184937888199e-07,0.0003817244
"WBGene00007986",1.47e-08,1.53283708301009e-07,0.0003951654
"WBGene00015434",1.47e-08,1.53283708301009e-07,0.0003951654
"WBGene00021928",1.48e-08,1.54266614967041e-07,0.0003978536
"WBGene00001243",1.54e-08,1.60458449612403e-07,0.0004139828
"WBGene00016152",1.56e-08,1.624793490895e-07,0.0004193592
"WBGene00015941",1.59e-08,1.65539814097599e-07,0.0004274238
"WBGene00014154",1.61e-08,1.67557181571816e-07,0.0004328002
"WBGene00017059",1.65e-08,1.71653637770898e-07,0.000443553
"WBGene00008477",1.66e-08,1.72560402165507e-07,0.0004462412
"WBGene00015047",1.66e-08,1.72560402165507e-07,0.0004462412
"WBGene00019165",1.71e-08,1.77620633693972e-07,0.0004596822
"WBGene00019810",1.71e-08,1.77620633693972e-07,0.0004596822
"WBGene00013053",1.73e-08,1.79559305019305e-07,0.0004650586
"WBGene00045484",1.73e-08,1.79559305019305e-07,0.0004650586
"WBGene00017325",1.74e-08,1.8045787037037e-07,0.0004677468
"WBGene00017647",1.74e-08,1.8045787037037e-07,0.0004677468
"WBGene00013657",1.77e-08,1.834984188199e-07,0.0004758114
"WBGene00001137",1.78e-08,1.8446399383192e-07,0.0004784996
"WBGene00010897",1.81e-08,1.87500655105973e-07,0.0004865642
"WBGene00003185",1.84e-08,1.90534976887519e-07,0.0004946288
"WBGene00010874",1.85e-08,1.91496726992684e-07,0.000497317
"WBGene00008036",1.87e-08,1.93492455735181e-07,0.0005026934
"WBGene00007335",1.93e-08,1.99623932281647e-07,0.0005188226
"WBGene00001854",1.95e-08,2.01615e-07,0.000524199
"WBGene00015696",1.96e-08,2.02571011149558e-07,0.0005268872
"WBGene00015218",1.97e-08,2.03526287471176e-07,0.0005295754
"WBGene00019839",2.02e-08,2.08611755666539e-07,0.0005430164
"WBGene00044447",2.06e-08,2.12660983102919e-07,0.0005537692
"WBGene00016410",2.1e-08,2.16623944742901e-07,0.000564522
"WBGene00077521",2.1e-08,2.16623944742901e-07,0.000564522
"WBGene00009471",2.12e-08,2.18603145377829e-07,0.0005698984
"WBGene00005012",2.19e-08,2.25734585889571e-07,0.0005887158
"WBGene00011619",2.2e-08,2.26678420850901e-07,0.000591404
"WBGene00012439",2.25e-08,2.31741379310345e-07,0.000604845
"WBGene00016612",2.29e-08,2.35770892378399e-07,0.0006155978
"WBGene00004960",2.31e-08,2.37738973966309e-07,0.0006209742
"WBGene00011307",2.38e-08,2.44849445082281e-07,0.0006397916
"WBGene00022228",2.43e-08,2.49897704667177e-07,0.0006532326
"WBGene00008655",2.44e-08,2.50830133843212e-07,0.0006559208
"WBGene00009412",2.45e-08,2.51761850152905e-07,0.000658609
"WBGene00002083",2.46e-08,2.5269285441345e-07,0.0006612972
"WBGene00020289",2.52e-08,2.58757219251337e-07,0.0006774264
"WBGene00001908",2.54e-08,2.60711263841161e-07,0.0006828028
"WBGene00006433",2.55e-08,2.61537962609691e-07,0.000685491
"WBGene00022108",2.55e-08,2.61537962609691e-07,0.000685491
"WBGene00007071",2.64e-08,2.70665446224256e-07,0.0007096848
"WBGene00000402",2.68e-08,2.74661685093404e-07,0.0007204376
"WBGene00010896",2.71e-08,2.77524647619048e-07,0.0007285022
"WBGene00219912",2.71e-08,2.77524647619048e-07,0.0007285022
"WBGene00012094",2.72e-08,2.78442650418888e-07,0.0007311904
"WBGene00017506",2.78e-08,2.84368188736682e-07,0.0007473196
"WBGene00018575",2.78e-08,2.84368188736682e-07,0.0007473196
"WBGene00010763",2.81e-08,2.87218326996198e-07,0.0007553842
"WBGene00235280",2.81e-08,2.87218326996198e-07,0.0007553842
"WBGene00016980",2.84e-08,2.9017438236412e-07,0.0007634488
"WBGene00006650",2.85e-08,2.91085486322188e-07,0.000766137
"WBGene00009079",2.88e-08,2.9403782757311e-07,0.0007742016
"WBGene00000082",2.92e-08,2.97895407969639e-07,0.0007849544
"WBGene00013074",2.92e-08,2.97895407969639e-07,0.0007849544
"WBGene00016010",2.94e-08,2.99822003034901e-07,0.0007903308
"WBGene00020003",2.96e-08,3.0174713689799e-07,0.0007957072
"WBGene00000220",3.04e-08,3.09784988627748e-07,0.0008172128
"WBGene00000650",3.08e-08,3.13623333333333e-07,0.0008279656
"WBGene00009684",3.08e-08,3.13623333333333e-07,0.0008279656
"WBGene00009830",3.13e-08,3.18473353520061e-07,0.0008414066
"WBGene00021095",3.13e-08,3.18473353520061e-07,0.0008414066
"WBGene00000708",3.15e-08,3.2038706015891e-07,0.000846783
"WBGene00010086",3.17e-08,3.22299319213313e-07,0.0008521594
"WBGene00010692",3.22e-08,3.27259130434783e-07,0.0008656004
"WBGene00045104",3.25e-08,3.30183295540438e-07,0.000873665
"WBGene00017163",3.33e-08,3.38183075179448e-07,0.0008951706
"WBGene00006044",3.37e-08,3.42116087613293e-07,0.0009059234
"WBGene00044279",3.42e-08,3.47060928652322e-07,0.0009193644
"WBGene00009383",3.44e-08,3.4895879245283e-07,0.0009247408
"WBGene00003704",3.52e-08,3.56939419087137e-07,0.0009462464
"WBGene00013058",3.66e-08,3.7099592760181e-07,0.0009838812
"WBGene00003466",3.7e-08,3.74909159442141e-07,0.000994634
"WBGene00044449",3.71e-08,3.75780783722683e-07,0.0009973222
"WBGene00007613",3.78e-08,3.82726779661017e-07,0.0010161396
"WBGene00011235",3.81e-08,3.85619051204819e-07,0.0010242042
"WBGene00018121",3.94e-08,3.98626571321039e-07,0.0010591508
"WBGene00010136",3.99e-08,4.03533408577878e-07,0.0010725918
"WBGene00001924",4.05e-08,4.0944753666792e-07,0.001088721
"WBGene00007305",4.15e-08,4.1939962406015e-07,0.001115603
"WBGene00021620",4.16e-08,4.20252236001503e-07,0.0011182912
"WBGene00009237",4.17e-08,4.21104207362885e-07,0.0011209794
"WBGene00000112",4.21e-08,4.24824399399399e-07,0.0011317322
"WBGene00194713",4.21e-08,4.24824399399399e-07,0.0011317322
"WBGene00012249",4.25e-08,4.28699812382739e-07,0.001142485
"WBGene00021650",4.26e-08,4.29547336834209e-07,0.0011451732
"WBGene00016946",4.28e-08,4.31402174728159e-07,0.0011505496
"WBGene00015059",4.52e-08,4.55422188905547e-07,0.0012150664
"WBGene00015781",4.53e-08,4.56258748594979e-07,0.0012177546
"WBGene00009069",4.54e-08,4.5709468164794e-07,0.0012204428
"WBGene00008312",4.55e-08,4.57929988768252e-07,0.001223131
"WBGene00012761",4.56e-08,4.58764670658683e-07,0.0012258192
"WBGene00008559",4.57e-08,4.5959872802095e-07,0.0012285074
"WBGene00009680",4.7e-08,4.7249588631264e-07,0.001263454
"WBGene00015806",4.8e-08,4.82368598130841e-07,0.001290336
"WBGene00043534",4.83e-08,4.8520201793722e-07,0.0012984006
"WBGene00001479",4.95e-08,4.97070974971984e-07,0.001330659
"WBGene00020391",4.96e-08,4.97889171023152e-07,0.0013333472
"WBGene00019434",4.99e-08,5.00713624486749e-07,0.0013414118
"WBGene00000240",5.04e-08,5.05542089552239e-07,0.0013548528
"WBGene00018027",5.13e-08,5.14377694889966e-07,0.0013790466
"WBGene00000668",5.25e-08,5.26213646532439e-07,0.001411305
"WBGene00001902",5.27e-08,5.28021393961983e-07,0.0014166814
"WBGene00001620",5.37e-08,5.37840312965723e-07,0.0014435634
"WBGene00008978",5.45e-08,5.45649534450652e-07,0.001465069
"WBGene00020579",5.51e-08,5.51451303052867e-07,0.0014811982
"WBGene00021835",5.55e-08,5.55247860066989e-07,0.001491951
"WBGene00007081",5.58e-08,5.58041517857143e-07,0.0015000156
"WBGene00001423",5.64e-08,5.63832205280774e-07,0.0015161448
"WBGene00001148",5.76e-08,5.75614572490706e-07,0.0015484032
"WBGene00019920",5.77e-08,5.76399628390933e-07,0.0015510914
"WBGene00004150",5.89e-08,5.87950167099889e-07,0.0015833498
"WBGene00016843",5.89e-08,5.87950167099889e-07,0.0015833498
"WBGene00010980",5.91e-08,5.89727616926503e-07,0.0015887262
"WBGene00018203",6.05e-08,6.03473469387755e-07,0.001626361
"WBGene00020177",6.07e-08,6.0524384272997e-07,0.0016317374
"WBGene00001164",6.13e-08,6.1099985168706e-07,0.0016478666
"WBGene00045062",6.15e-08,6.12766123054114e-07,0.001653243
"WBGene00021967",6.19e-08,6.16523082623194e-07,0.0016639958
"WBGene00015165",6.23e-08,6.20277259259259e-07,0.0016747486
"WBGene00019510",6.27e-08,6.24028656053314e-07,0.0016855014
"WBGene00008512",6.28e-08,6.247925980755e-07,0.0016881896
"WBGene00019487",6.36e-08,6.32517647058824e-07,0.0017096952
"WBGene00000022",6.41e-08,6.37018927911275e-07,0.0017231362
"WBGene00009962",6.41e-08,6.37018927911275e-07,0.0017231362
"WBGene00012529",6.43e-08,6.38770362158167e-07,0.0017285126
"WBGene00020281",6.47e-08,6.42506612486147e-07,0.0017392654
"WBGene00004217",6.48e-08,6.43262038404727e-07,0.0017419536
"WBGene00000003",6.59e-08,6.53940125507567e-07,0.0017715238
"WBGene00017587",6.61e-08,6.55682730627306e-07,0.0017769002
"WBGene00020710",6.72e-08,6.66348358539284e-07,0.0018064704
"WBGene00020072",6.75e-08,6.69076327433628e-07,0.001814535
"WBGene00009161",6.84e-08,6.77747438260229e-07,0.0018387288
"WBGene00077693",6.86e-08,6.79478703021371e-07,0.0018441052
"WBGene00007633",6.88e-08,6.81208692449355e-07,0.0018494816
"WBGene00011617",6.91e-08,6.8342391464312e-07,0.0018575462
"WBGene00012032",6.91e-08,6.8342391464312e-07,0.0018575462
"WBGene00019640",6.91e-08,6.8342391464312e-07,0.0018575462
"WBGene00012728",7.05e-08,6.9701397572637e-07,0.001895181
"WBGene00020070",7.24e-08,7.15535588235294e-07,0.0019462568
"WBGene00012007",7.32e-08,7.2317618522602e-07,0.0019677624
"WBGene00011418",7.35e-08,7.25873254959589e-07,0.001975827
"WBGene00007977",7.6e-08,7.50287183253764e-07,0.002043032
"WBGene00007383",7.66e-08,7.55932892804699e-07,0.0020591612
"WBGene00007820",7.67e-08,7.56641981651376e-07,0.0020618494
"WBGene00018125",7.78e-08,7.67211885546588e-07,0.0020914196
"WBGene00013025",7.82e-08,7.7087363403007e-07,0.0021021724
"WBGene00011398",8.07e-08,7.95226319648094e-07,0.0021693774
"WBGene00018350",8.28e-08,8.15620960058629e-07,0.0022258296
"WBGene00017305",8.35e-08,8.22215018315018e-07,0.002244647
"WBGene00045242",8.4e-08,8.26835591358477e-07,0.002258088
"WBGene00022707",8.46e-08,8.32436749633968e-07,0.0022742172
"WBGene00008865",8.54e-08,8.40001024515185e-07,0.0022957228
"WBGene00018532",8.57e-08,8.42643525969276e-07,0.0023037874
"WBGene00009082",8.62e-08,8.47249872029251e-07,0.0023172284
"WBGene00008230",8.7e-08,8.54800438596491e-07,0.002338734
"WBGene00003566",8.71e-08,8.55470295944465e-07,0.0023414222
"WBGene00008029",8.8e-08,8.63678714859438e-07,0.002365616
"WBGene00013917",8.8e-08,8.63678714859438e-07,0.002365616
"WBGene00008505",8.88e-08,8.70894418095586e-07,0.0023871216
"WBGene00015855",8.88e-08,8.70894418095586e-07,0.0023871216
"WBGene00020826",9.21e-08,9.0292932166302e-07,0.0024758322
"WBGene00044253",9.32e-08,9.13380386438206e-07,0.0025054024
"WBGene00016327",9.34e-08,9.15006851311953e-07,0.0025107788
"WBGene00002016",9.36e-08,9.16632131147541e-07,0.0025161552
"WBGene00006910",9.57e-08,9.36856300072833e-07,0.0025726074
"WBGene00016605",9.62e-08,9.41408227156898e-07,0.0025860484
"WBGene00014057",9.77e-08,9.5573922852984e-07,0.0026263714
"WBGene00001123",9.88e-08,9.66148272098945e-07,0.0026559416
"WBGene00017802",9.93e-08,9.70684581818182e-07,0.0026693826
"WBGene00012354",1.02e-07,9.96715376226827e-07,0.002741964
"WBGene00000207",1.04e-07,1.01588953488372e-06,0.002795728
"WBGene00013526",1.05e-07,1.0249128540305e-06,0.00282261
"WBGene00013960",1.05e-07,1.0249128540305e-06,0.00282261
"WBGene00003525",1.06e-07,1.03429836660617e-06,0.002849492
"WBGene00009398",1.07e-07,1.0436770682148e-06,0.002876374
"WBGene00018004",1.08e-07,1.05304896626768e-06,0.002903256
"WBGene00002131",1.11e-07,1.08112391304348e-06,0.002983902
"WBGene00007637",1.11e-07,1.08112391304348e-06,0.002983902
"WBGene00011844",1.11e-07,1.08112391304348e-06,0.002983902
"WBGene00003769",1.12e-07,1.08967933405718e-06,0.003010784
"WBGene00021006",1.12e-07,1.08967933405718e-06,0.003010784
"WBGene00044210",1.12e-07,1.08967933405718e-06,0.003010784
"WBGene00008850",1.13e-07,1.09901085383502e-06,0.003037666
"WBGene00011171",1.14e-07,1.10793492407809e-06,0.003064548
"WBGene00019531",1.14e-07,1.10793492407809e-06,0.003064548
"WBGene00007082",1.15e-07,1.11724972894832e-06,0.00309143
"WBGene00001880",1.16e-07,1.1261509570242e-06,0.003118312
"WBGene00012679",1.16e-07,1.1261509570242e-06,0.003118312
"WBGene00003623",1.18e-07,1.1447405268856e-06,0.003172076
"WBGene00020223",1.18e-07,1.1447405268856e-06,0.003172076
"WBGene00001892",1.19e-07,1.15360908763072e-06,0.003198958
"WBGene00017364",1.19e-07,1.15360908763072e-06,0.003198958
"WBGene00000976",1.2e-07,1.1628839221341e-06,0.00322584
"WBGene00021921",1.21e-07,1.17215207207207e-06,0.003252722
"WBGene00013192",1.22e-07,1.18141354466859e-06,0.003279604
"WBGene00018500",1.24e-07,1.20034857760173e-06,0.003333368
"WBGene00009641",1.26e-07,1.21926997840173e-06,0.003387132
"WBGene00008284",1.3e-07,1.2575242893127e-06,0.00349466
"WBGene00009720",1.31e-07,1.26674172661871e-06,0.003521542
"WBGene00000689",1.35e-07,1.30448238677211e-06,0.00362907
"WBGene00017550",1.35e-07,1.30448238677211e-06,0.00362907
"WBGene00000019",1.36e-07,1.3136730147323e-06,0.003655952
"WBGene00013575",1.37e-07,1.32285704022989e-06,0.003682834
"WBGene00013087",1.38e-07,1.33203447037702e-06,0.003709716
"WBGene00006924",1.39e-07,1.34120531227566e-06,0.003736598
"WBGene00015306",1.4e-07,1.35036957301758e-06,0.00376348
"WBGene00018525",1.45e-07,1.39809540889527e-06,0.00389789
"WBGene00018124",1.46e-07,1.40723269989243e-06,0.003924772
"WBGene00003622",1.47e-07,1.41636344086022e-06,0.003951654
"WBGene00007600",1.48e-07,1.42548763883913e-06,0.003978536
"WBGene00015331",1.49e-07,1.4346053008596e-06,0.004005418
"WBGene00008692",1.5e-07,1.443716433942e-06,0.0040323
"WBGene00001910",1.52e-07,1.46244237652112e-06,0.004086064
"WBGene00001789",1.54e-07,1.48115491949911e-06,0.004139828
"WBGene00017184",1.57e-07,1.50946852646638e-06,0.004220474
"WBGene00007763",1.58e-07,1.51853986414015e-06,0.004247356
"WBGene00020987",1.59e-07,1.52705894962487e-06,0.004274238
"WBGene00021787",1.59e-07,1.52705894962487e-06,0.004274238
"WBGene00021389",1.63e-07,1.56491642857143e-06,0.004381766
"WBGene00009096",1.64e-07,1.57395501606569e-06,0.004408648
"WBGene00009801",1.66e-07,1.59258101356174e-06,0.004462412
"WBGene00003094",1.69e-07,1.62020613409415e-06,0.004543058
"WBGene00012486",1.69e-07,1.62020613409415e-06,0.004543058
"WBGene00004971",1.72e-07,1.64779187455453e-06,0.004623704
"WBGene00013079",1.72e-07,1.64779187455453e-06,0.004623704
"WBGene00000281",1.76e-07,1.68551193444959e-06,0.004731232
"WBGene00021880",1.78e-07,1.7040584045584e-06,0.004784996
"WBGene00013170",1.79e-07,1.71302171591314e-06,0.004811878
"WBGene00013979",1.83e-07,1.75005549626467e-06,0.004919406
"WBGene00021975",1.83e-07,1.75005549626467e-06,0.004919406
"WBGene00044922",1.84e-07,1.75899288762447e-06,0.004946288
"WBGene00002227",1.88e-07,1.79595451314854e-06,0.005053816
"WBGene00008725",1.88e-07,1.79595451314854e-06,0.005053816
"WBGene00015970",1.94e-07,1.85261385435169e-06,0.005215108
"WBGene00000778",1.96e-07,1.87104829545455e-06,0.005268872
"WBGene00022504",1.99e-07,1.89901242456514e-06,0.005349518
"WBGene00017678",2e-07,1.90720113515431e-06,0.0053764
"WBGene00077699",2e-07,1.90720113515431e-06,0.0053764
"WBGene00017755",2.02e-07,1.92559007092199e-06,0.005430164
"WBGene00016954",2.03e-07,1.93443672456576e-06,0.005457046
"WBGene00006816",2.06e-07,1.96232884479093e-06,0.005537692
"WBGene00006063",2.07e-07,1.97045821529745e-06,0.005564574
"WBGene00014184",2.07e-07,1.97045821529745e-06,0.005564574
"WBGene00000550",2.13e-07,2.02685522123894e-06,0.005725866
"WBGene00000503",2.15e-07,2.04371640735502e-06,0.00577963
"WBGene00016731",2.15e-07,2.04371640735502e-06,0.00577963
"WBGene00017808",2.15e-07,2.04371640735502e-06,0.00577963
"WBGene00014224",2.17e-07,2.06126996466431e-06,0.005833394
"WBGene00044268",2.17e-07,2.06126996466431e-06,0.005833394
"WBGene00016721",2.18e-07,2.07003744259979e-06,0.005860276
"WBGene00044451",2.19e-07,2.07879872881356e-06,0.005887158
"WBGene00007993",2.2e-07,2.08755382986234e-06,0.00591404
"WBGene00007791",2.22e-07,2.1050455026455e-06,0.005967804
"WBGene00012010",2.22e-07,2.1050455026455e-06,0.005967804
"WBGene00011336",2.24e-07,2.12326093088858e-06,0.006021568
"WBGene00077764",2.28e-07,2.1604145223828e-06,0.006129096
"WBGene00015230",2.29e-07,2.16912544045102e-06,0.006155978
"WBGene00007699",2.32e-07,2.19676787601268e-06,0.006236624
"WBGene00018165",2.33e-07,2.20468356212601e-06,0.006263506
"WBGene00020047",2.33e-07,2.20468356212601e-06,0.006263506
"WBGene00009119",2.34e-07,2.21336664320901e-06,0.006290388
"WBGene00019232",2.37e-07,2.24016666666667e-06,0.006371034
"WBGene00044796",2.37e-07,2.24016666666667e-06,0.006371034
"WBGene00015759",2.39e-07,2.2582769771529e-06,0.006424798
"WBGene00007489",2.41e-07,2.27637456078707e-06,0.006478562
"WBGene00004206",2.44e-07,2.30390165086056e-06,0.006559208
"WBGene00015997",2.47e-07,2.33140941011236e-06,0.006639854
"WBGene00010001",2.51e-07,2.36750245614035e-06,0.006747382
"WBGene00010266",2.51e-07,2.36750245614035e-06,0.006747382
"WBGene00012648",2.53e-07,2.38552998947738e-06,0.006801146
"WBGene00219279",2.6e-07,2.45067321178121e-06,0.00698932
"WBGene00003675",2.62e-07,2.4669295971979e-06,0.007043084
"WBGene00004736",2.62e-07,2.4669295971979e-06,0.007043084
"WBGene00044243",2.62e-07,2.4669295971979e-06,0.007043084
"WBGene00010915",2.64e-07,2.48489075630252e-06,0.007096848
"WBGene00015386",2.67e-07,2.51224851242562e-06,0.007177494
"WBGene00006625",2.7e-07,2.53958712386284e-06,0.00725814
"WBGene00304981",2.73e-07,2.56690661070304e-06,0.007338786
"WBGene00009185",2.75e-07,2.58390422929046e-06,0.00739255
"WBGene00195178",2.75e-07,2.58390422929046e-06,0.00739255
"WBGene00008995",2.81e-07,2.63935779175402e-06,0.007553842
"WBGene00022778",2.83e-07,2.65721480964024e-06,0.007607606
"WBGene00012149",2.85e-07,2.6750593575419e-06,0.00766137
"WBGene00013590",2.93e-07,2.74918883071553e-06,0.007876426
"WBGene00018359",2.98e-07,2.79512770411724e-06,0.008010836
"WBGene00019875",2.99e-07,2.8035291245204e-06,0.008037718
"WBGene00019063",3.04e-07,2.8494170153417e-06,0.008172128
"WBGene00016103",3.09e-07,2.89527291739282e-06,0.008306538
"WBGene00021616",3.11e-07,2.91299721254355e-06,0.008360302
"WBGene00018026",3.2e-07,2.99625217694183e-06,0.00860224
"WBGene00022071",3.24e-07,3.03264902506964e-06,0.008709768
"WBGene00004358",3.26e-07,3.05030699617125e-06,0.008763532
"WBGene00008137",3.27e-07,3.05859916492693e-06,0.008790414
"WBGene00018576",3.3e-07,3.08558608695652e-06,0.00887106
"WBGene00008650",3.31e-07,3.09386022253129e-06,0.008897942
"WBGene00019620",3.32e-07,3.10105072967338e-06,0.008924824
"WBGene00022060",3.32e-07,3.10105072967338e-06,0.008924824
"WBGene00000664",3.41e-07,3.18400903091351e-06,0.009166762
"WBGene00020388",3.44e-07,3.21090555555556e-06,0.009247408
"WBGene00003130",3.45e-07,3.21800485773768e-06,0.00927429
"WBGene00008272",3.45e-07,3.21800485773768e-06,0.00927429
"WBGene00019908",3.51e-07,3.27283454734651e-06,0.009435582
"WBGene00013104",3.52e-07,3.28102080443828e-06,0.009462464
"WBGene00010478",3.54e-07,3.29851923743501e-06,0.009516228
"WBGene00006913",3.64e-07,3.39052252252252e-06,0.009785048
"WBGene00023067",3.65e-07,3.39865950813994e-06,0.00981193
"WBGene00018145",3.66e-07,3.40561163032191e-06,0.009838812
"WBGene00018702",3.66e-07,3.40561163032191e-06,0.009838812
"WBGene00000670",3.67e-07,3.41373494809689e-06,0.009865694
"WBGene00019007",3.69e-07,3.43115115876859e-06,0.009919458
"WBGene00009413",3.72e-07,3.4554609536973e-06,0.010000104
"WBGene00015634",3.72e-07,3.4554609536973e-06,0.010000104
"WBGene00016413",3.72e-07,3.4554609536973e-06,0.010000104
"WBGene00001903",3.75e-07,3.48092196132597e-06,0.01008075
"WBGene00006954",3.75e-07,3.48092196132597e-06,0.01008075
"WBGene00010046",3.78e-07,3.50755816361754e-06,0.010161396
"WBGene00006586",3.8e-07,3.52489993098689e-06,0.01021516
"WBGene00008621",3.81e-07,3.53295688168334e-06,0.010242042
"WBGene00018257",3.83e-07,3.55027793103448e-06,0.010295806
"WBGene00000546",3.88e-07,3.59538641847639e-06,0.010430216
"WBGene00008175",3.95e-07,3.65772993455046e-06,0.01061839
"WBGene00009806",3.95e-07,3.65772993455046e-06,0.01061839
"WBGene00020978",3.98e-07,3.68424104683196e-06,0.010699036
"WBGene00008862",4e-07,3.70148020654045e-06,0.0107528
"WBGene00000673",4.01e-07,3.70945698554714e-06,0.010779682
"WBGene00022032",4.04e-07,3.73592294461644e-06,0.010860328
"WBGene00014229",4.14e-07,3.82707977991747e-06,0.011129148
"WBGene00003943",4.2e-07,3.87987628865979e-06,0.01129044
"WBGene00016457",4.2e-07,3.87987628865979e-06,0.01129044
"WBGene00077519",4.21e-07,3.88777808313294e-06,0.011317322
"WBGene00000379",4.23e-07,3.90490590659341e-06,0.011371086
"WBGene00010634",4.25e-07,3.92067604667124e-06,0.01142485
"WBGene00022627",4.25e-07,3.92067604667124e-06,0.01142485
"WBGene00009328",4.29e-07,3.9548621399177e-06,0.011532378
"WBGene00018398",4.29e-07,3.9548621399177e-06,0.011532378
"WBGene00013621",4.3e-07,3.96272197463147e-06,0.01155926
"WBGene00008167",4.38e-07,4.03368139773895e-06,0.011774316
"WBGene00044741",4.38e-07,4.03368139773895e-06,0.011774316
"WBGene00010885",4.39e-07,4.04150616438356e-06,0.011801198
"WBGene00017807",4.47e-07,4.11374666210202e-06,0.012016254
"WBGene00012871",4.52e-07,4.15833812457221e-06,0.012150664
"WBGene00007224",4.55e-07,4.18450564488539e-06,0.01223131
"WBGene00014082",4.56e-07,4.19226812585499e-06,0.012258192
"WBGene00006919",4.62e-07,4.24597743589744e-06,0.012419484
"WBGene00009688",4.64e-07,4.2629008885851e-06,0.012473248
"WBGene00003625",4.72e-07,4.33491766313632e-06,0.012688304
"WBGene00001993",4.77e-07,4.37784704677364e-06,0.012822714
"WBGene00015894",4.77e-07,4.37784704677364e-06,0.012822714
"WBGene00017183",4.81e-07,4.41305187713311e-06,0.012930242
"WBGene00003469",4.85e-07,4.44823268509041e-06,0.01303777
"WBGene00006672",4.86e-07,4.45588403819918e-06,0.013064652
"WBGene00020382",4.88e-07,4.47269553358336e-06,0.013118416
"WBGene00000699",4.91e-07,4.49865780504431e-06,0.013199062
"WBGene00009384",4.93e-07,4.51544327086882e-06,0.013252826
"WBGene00044521",4.97e-07,4.55052929155313e-06,0.013360354
"WBGene00021690",5e-07,4.57643854273068e-06,0.013441
"WBGene00000639",5.03e-07,4.60233015656909e-06,0.013521646
"WBGene00018167",5.08e-07,4.6464974481116e-06,0.013656056
"WBGene00009489",5.12e-07,4.68149115646259e-06,0.013763584
"WBGene00003225",5.24e-07,4.7895844950697e-06,0.014086168
"WBGene00000558",5.3e-07,4.84113489636425e-06,0.01424746
"WBGene00004301",5.3e-07,4.84113489636425e-06,0.01424746
"WBGene00011999",5.34e-07,4.87435925297114e-06,0.014354988
"WBGene00018123",5.34e-07,4.87435925297114e-06,0.014354988
"WBGene00002850",5.37e-07,4.90007942973523e-06,0.014435634
"WBGene00022760",5.44e-07,4.96226942653546e-06,0.014623808
"WBGene00018081",5.48e-07,4.99706105834464e-06,0.014731336
"WBGene00013898",5.54e-07,5.05006035944388e-06,0.014892628
"WBGene00010924",5.57e-07,5.07568610169491e-06,0.014973274
"WBGene00000399",5.58e-07,5.0830755676042e-06,0.015000156
"WBGene00018530",5.7e-07,5.19063008130081e-06,0.01532274
"WBGene00013586",5.71e-07,5.19797561801558e-06,0.015349622
"WBGene00022891",5.73e-07,5.2144163845633e-06,0.015403386
"WBGene00016896",5.76e-07,5.23994314720812e-06,0.015484032
"WBGene00010130",5.77e-07,5.24726454668471e-06,0.015510914
"WBGene00016728",5.81e-07,5.2818539059858e-06,0.015618442
"WBGene00014008",5.86e-07,5.325507775524e-06,0.015752852
"WBGene00044043",6e-07,5.45089557282866e-06,0.0161292
"WBGene00018782",6.04e-07,5.48538108108108e-06,0.016236728
"WBGene00015464",6.06e-07,5.50168591691996e-06,0.016290492
"WBGene00007512",6.07e-07,5.50518690958165e-06,0.016317374
"WBGene00011335",6.07e-07,5.50518690958165e-06,0.016317374
"WBGene00019148",6.07e-07,5.50518690958165e-06,0.016317374
"WBGene00007162",6.2e-07,5.62119392917369e-06,0.01666684
"WBGene00017636",6.36e-07,5.76431287929872e-06,0.017096952
"WBGene00000704",6.37e-07,5.77143040107853e-06,0.017123834
"WBGene00003444",6.4e-07,5.7966576819407e-06,0.01720448
"WBGene00004969",6.5e-07,5.88524755810037e-06,0.0174733
"WBGene00011191",6.53e-07,5.91041952861953e-06,0.017553946
"WBGene00015500",6.59e-07,5.96271894984854e-06,0.017715238
"WBGene00000802",6.63e-07,5.99487588294652e-06,0.017822766
"WBGene00000866",6.63e-07,5.99487588294652e-06,0.017822766
"WBGene00017201",6.65e-07,6.01093813046402e-06,0.01787653
"WBGene00016125",6.67e-07,6.02698957983193e-06,0.017930294
"WBGene00009964",6.7e-07,6.05206317204301e-06,0.01801094
"WBGene00011328",6.78e-07,6.12226939872355e-06,0.018225996
"WBGene00014003",6.81e-07,6.14729415715245e-06,0.018306642
"WBGene00022562",6.91e-07,6.23546894931185e-06,0.018575462
"WBGene00009281",6.93e-07,6.25141812080537e-06,0.018629226
"WBGene00000039",6.94e-07,6.25833881247903e-06,0.018656108
"WBGene00001984",6.96e-07,6.27426961770624e-06,0.018709872
"WBGene00018591",7.46e-07,6.72275293328864e-06,0.020053972
"WBGene00012299",7.49e-07,6.74752613941019e-06,0.020134618
"WBGene00016485",7.59e-07,6.83532261306533e-06,0.020403438
"WBGene00001839",7.62e-07,6.86004152712659e-06,0.020484084
"WBGene00007398",7.63e-07,6.86674455975896e-06,0.020510966
"WBGene00015351",7.67e-07,6.90043306559572e-06,0.020618494
"WBGene00021893",7.85e-07,7.06001003680161e-06,0.02110237
"WBGene00000667",7.86e-07,7.06427683049147e-06,0.021129252
"WBGene00020507",7.86e-07,7.06427683049147e-06,0.021129252
"WBGene00000528",7.9e-07,7.09785427807487e-06,0.02123678
"WBGene00010780",7.92e-07,7.11344604076178e-06,0.021290544
"WBGene00009592",7.95e-07,7.13800601202405e-06,0.02137119
"WBGene00013852",7.97e-07,7.15357395659432e-06,0.021424954
"WBGene00015476",8.02e-07,7.19604939919893e-06,0.021559364
"WBGene00007649",8.12e-07,7.28334467801135e-06,0.021828184
"WBGene00012201",8.2e-07,7.35264843228819e-06,0.02204324
"WBGene00022654",8.22e-07,7.36812404134712e-06,0.022097004
"WBGene00001715",8.31e-07,7.446314e-06,0.022338942
"WBGene00014813",8.32e-07,7.45279040319893e-06,0.022365824
"WBGene00004084",8.4e-07,7.5219453697535e-06,0.02258088
"WBGene00044393",8.42e-07,7.53734398934399e-06,0.022634644
"WBGene00007402",8.49e-07,7.59747603195739e-06,0.022822818
"WBGene00019586",8.5e-07,7.60389351081531e-06,0.0228497
"WBGene00001395",8.6e-07,7.69079174983367e-06,0.02311852
"WBGene00021207",8.62e-07,7.70611373461922e-06,0.023172284
"WBGene00007779",8.66e-07,7.73929920212766e-06,0.023279812
"WBGene00000074",8.74e-07,7.80819807244932e-06,0.023494868
"WBGene00000025",8.81e-07,7.86812026578073e-06,0.023683042
"WBGene00003372",8.96e-07,7.99942610428429e-06,0.024086272
"WBGene00044261",9.08e-07,8.10386985391766e-06,0.024408856
"WBGene00010834",9.16e-07,8.17255625622303e-06,0.024623912
"WBGene00009501",9.18e-07,8.18768281353683e-06,0.024677676
"WBGene00007481",9.29e-07,8.28304411276949e-06,0.024973378
"WBGene00016053",9.44e-07,8.41399469496021e-06,0.025376608
"WBGene00010300",9.5e-07,8.46466688763673e-06,0.0255379
"WBGene00019341",9.66e-07,8.60437773359841e-06,0.025968012
"WBGene00008154",9.67e-07,8.60758079470199e-06,0.025994894
"WBGene00044127",9.67e-07,8.60758079470199e-06,0.025994894
"WBGene00012158",9.72e-07,8.64922343594836e-06,0.026129304
"WBGene00044696",9.8e-07,8.71752481800132e-06,0.02634436
"WBGene00007306",9.94e-07,8.83913595765795e-06,0.026720708
"WBGene00006052",1.02e-06,9.06734126984127e-06,0.02741964
"WBGene00017869",1.03e-06,9.15320991735537e-06,0.02768846
"WBGene00009759",1.04e-06,9.23596960687149e-06,0.02795728
"WBGene00010181",1.04e-06,9.23596960687149e-06,0.02795728
"WBGene00004123",1.05e-06,9.30939973614776e-06,0.0282261
"WBGene00009865",1.05e-06,9.30939973614776e-06,0.0282261
"WBGene00013130",1.05e-06,9.30939973614776e-06,0.0282261
"WBGene00020181",1.05e-06,9.30939973614776e-06,0.0282261
"WBGene00022335",1.05e-06,9.30939973614776e-06,0.0282261
"WBGene00003964",1.08e-06,9.56907053394858e-06,0.02903256
"WBGene00005663",1.08e-06,9.56907053394858e-06,0.02903256
"WBGene00016382",1.1e-06,9.74306425041186e-06,0.0295702
"WBGene00017991",1.15e-06,1.01825757575758e-05,0.0309143
"WBGene00013986",1.17e-06,1.03562528811327e-05,0.03145194
"WBGene00015922",1.18e-06,1.04378940440935e-05,0.03172076
"WBGene00019205",1.18e-06,1.04378940440935e-05,0.03172076
"WBGene00003457",1.2e-06,1.06113157894737e-05,0.0322584
"WBGene00019812",1.21e-06,1.06962249260112e-05,0.03252722
"WBGene00012784",1.22e-06,1.07739947437582e-05,0.03279604
"WBGene00015645",1.22e-06,1.07739947437582e-05,0.03279604
"WBGene00019086",1.22e-06,1.07739947437582e-05,0.03279604
"WBGene00000298",1.23e-06,1.08587389162562e-05,0.03306486
"WBGene00017783",1.24e-06,1.09434274458306e-05,0.03333368
"WBGene00001063",1.25e-06,1.1020826500492e-05,0.0336025
"WBGene00011173",1.25e-06,1.1020826500492e-05,0.0336025
"WBGene00017172",1.25e-06,1.1020826500492e-05,0.0336025
"WBGene00001776",1.27e-06,1.11934885245902e-05,0.03414014
"WBGene00017791",1.28e-06,1.1277928548017e-05,0.03440896
"WBGene00017737",1.29e-06,1.13623132372215e-05,0.03467778
"WBGene00016763",1.31e-06,1.15346937438585e-05,0.03521542
"WBGene00000931",1.32e-06,1.1611335078534e-05,0.03548424
"WBGene00003112",1.32e-06,1.1611335078534e-05,0.03548424
"WBGene00012445",1.32e-06,1.1611335078534e-05,0.03548424
"WBGene00008354",1.33e-06,1.16954726856395e-05,0.03575306
"WBGene00010726",1.34e-06,1.17757044785878e-05,0.03602188
"WBGene00020945",1.34e-06,1.17757044785878e-05,0.03602188
"WBGene00013702",1.38e-06,1.21232549019608e-05,0.03709716
"WBGene00016544",1.39e-06,1.22071153217903e-05,0.03736598
"WBGene00021050",1.4e-06,1.22869082598759e-05,0.0376348
"WBGene00235106",1.4e-06,1.22869082598759e-05,0.0376348
"WBGene00189931",1.42e-06,1.24583681462141e-05,0.03817244
"WBGene00007479",1.43e-06,1.25379191128506e-05,0.03844126
"WBGene00011112",1.43e-06,1.25379191128506e-05,0.03844126
"WBGene00014085",1.46e-06,1.27967786110205e-05,0.03924772
"WBGene00043053",1.48e-06,1.29678487614081e-05,0.03978536
"WBGene00002258",1.49e-06,1.30512153796025e-05,0.04005418
"WBGene00044260",1.51e-06,1.32220912052117e-05,0.04059182
"WBGene00016276",1.56e-06,1.3651015625e-05,0.04193592
"WBGene00044912",1.56e-06,1.3651015625e-05,0.04193592
"WBGene00007156",1.57e-06,1.37340514155548e-05,0.04220474
"WBGene00001814",1.6e-06,1.39919323357189e-05,0.0430112
"WBGene00019064",1.66e-06,1.45119089430894e-05,0.04462412
"WBGene00012861",1.68e-06,1.46819765929779e-05,0.04516176
"WBGene00020381",1.74e-06,1.52013909652259e-05,0.04677468
"WBGene00013643",1.75e-06,1.52788242936018e-05,0.0470435
"WBGene00022876",1.75e-06,1.52788242936018e-05,0.0470435
"WBGene00016942",1.77e-06,1.54484220779221e-05,0.04758114
"WBGene00011927",1.78e-06,1.55256197274497e-05,0.04784996
"WBGene00018256",1.78e-06,1.55256197274497e-05,0.04784996
"WBGene00007536",1.8e-06,1.56898832684825e-05,0.0483876
"WBGene00012583",1.8e-06,1.56898832684825e-05,0.0483876
"WBGene00007688",1.82e-06,1.58539338950097e-05,0.04892524
"WBGene00015847",1.82e-06,1.58539338950097e-05,0.04892524
"WBGene00010034",1.83e-06,1.5935879494655e-05,0.04919406
"WBGene00001501",1.85e-06,1.61048251295337e-05,0.0497317
"WBGene00001819",0,0,0
"WBGene00014165",0,0,0
"WBGene00014168",0,0,0
"WBGene00022038",0,0,0
"WBGene00011803",0,0,0
"WBGene00022780",0,0,0
"WBGene00020194",0,0,0
"WBGene00010491",0,0,0
"WBGene00017853",0,0,0
"WBGene00003237",0,0,0
"WBGene00011744",0,0,0
"WBGene00017052",0,0,0
"WBGene00007724",0,0,0
"WBGene00011284",0,0,0
"WBGene00004999",0,0,0
"WBGene00002019",0,0,0
"WBGene00195004",0,0,0
"WBGene00008797",0,0,0
"WBGene00010633",0,0,0
"WBGene00001167",0,0,0
"WBGene00018215",0,0,0
"WBGene00016625",0,0,0
"WBGene00013946",0,0,0
"WBGene00004925",0,0,0
"WBGene00006057",0,0,0
"WBGene00020191",0,0,0
"WBGene00012436",0,0,0
"WBGene00016667",0,0,0
"WBGene00021153",0,0,0
"WBGene00018946",0,0,0
"WBGene00007969",0,0,0
"WBGene00010623",0,0,0
"WBGene00000653",0,0,0
"WBGene00019461",0,0,0
"WBGene00008649",0,0,0
"WBGene00008449",0,0,0
"WBGene00010672",0,0,0
"WBGene00045488",0,0,0
"WBGene00010744",0,0,0
"WBGene00044686",0,0,0
"WBGene00013690",0,0,0
"WBGene00007382",0,0,0
"WBGene00012274",0,0,0
"WBGene00008009",0,0,0
"WBGene00010630",0,0,0
"WBGene00000748",0,0,0
"WBGene00013478",0,0,0
"WBGene00013947",0,0,0
"WBGene00014472",0,0,0
"WBGene00008860",0,0,0
"WBGene00011645",0,0,0
"WBGene00189951",0,0,0
"WBGene00008854",0,0,0
"WBGene00019688",0,0,0
"WBGene00013481",0,0,0
"WBGene00020052",0,0,0
"WBGene00007793",0,0,0
"WBGene00009938",0,0,0
"WBGene00002018",0,0,0
"WBGene00045457",0,0,0
"WBGene00008013",0,0,0
"WBGene00014728",0,0,0
"WBGene00005085",0,0,0
"WBGene00003425",0,0,0
"WBGene00010946",0,0,0
"WBGene00009331",0,0,0
"WBGene00012553",0,0,0
"WBGene00022645",0,0,0
"WBGene00001244",0,0,0
"WBGene00011538",0,0,0
"WBGene00021943",0,0,0
"WBGene00044059",0,0,0
"WBGene00000396",0,0,0
"WBGene00007641",0,0,0
"WBGene00010035",0,0,0
"WBGene00271774",0,0,0
"WBGene00045416",0,0,0
"WBGene00011665",0,0,0
"WBGene00007300",0,0,0
"WBGene00007180",0,0,0
"WBGene00194894",0,0,0
"WBGene00021159",0,0,0
"WBGene00022421",0,0,0
"WBGene00012302",0,0,0
"WBGene00045268",0,0,0
"WBGene00008201",0,0,0
"WBGene00003231",0,0,0
"WBGene00009160",0,0,0
"WBGene00020720",0,0,0
"WBGene00004089",0,0,0
"WBGene00019255",0,0,0
"WBGene00017855",0,0,0
"WBGene00016574",0,0,0
"WBGene00004816",0,0,0
"WBGene00045275",0,0,0
"WBGene00015796",0,0,0
"WBGene00003096",0,0,0
"WBGene00219749",0,0,0
"WBGene00010222",0,0,0
"WBGene00013452",0,0,0
"WBGene00012512",0,0,0
"WBGene00007446",0,0,0
"WBGene00017837",0,0,0
"WBGene00020890",0,0,0
"WBGene00044633",0,0,0
"WBGene00007246",0,0,0
"WBGene00022390",0,0,0
"WBGene00004745",0,0,0
"WBGene00009261",0,0,0
"WBGene00017311",0,0,0
"WBGene00012596",0,0,0
"WBGene00010082",0,0,0
"WBGene00000867",0,0,0
"WBGene00001414",0,0,0
"WBGene00011808",0,0,0
"WBGene00004099",0,0,0
"WBGene00019096",0,0,0
"WBGene00044810",0,0,0
"WBGene00003527",0,0,0
"WBGene00012803",0,0,0
"WBGene00017056",0,0,0
"WBGene00219413",0,0,0
"WBGene00014170",0,0,0
"WBGene00022754",0,0,0
"WBGene00002208",0,0,0
"WBGene00010835",0,0,0
"WBGene00023404",0,0,0
"WBGene00011833",0,0,0
"WBGene00012144",0,0,0
"WBGene00021908",0,0,0
"WBGene00009660",0,0,0
"WBGene00003047",0,0,0
"WBGene00009626",0,0,0
"WBGene00009722",0,0,0
"WBGene00045433",0,0,0
"WBGene00018607",0,0,0
"WBGene00011515",0,0,0
"WBGene00013594",0,0,0
"WBGene00007112",0,0,0
"WBGene00008832",0,0,0
"WBGene00045401",0,0,0
"WBGene00015002",0,0,0
"WBGene00012212",0,0,0
"WBGene00008079",0,0,0
"WBGene00018031",0,0,0
"WBGene00007735",0,0,0
"WBGene00013435",0,0,0
"WBGene00016430",0,0,0
"WBGene00000982",0,0,0
"WBGene00004408",0,0,0
"WBGene00045509",0,0,0
"WBGene00009299",0,0,0
"WBGene00019799",0,0,0
"WBGene00000901",0,0,0
"WBGene00020269",0,0,0
"WBGene00045461",0,0,0
"WBGene00017402",0,0,0
"WBGene00001044",0,0,0
"WBGene00019168",0,0,0
"WBGene00018703",0,0,0
"WBGene00019972",0,0,0
"WBGene00007755",0,0,0
"WBGene00010244",0,0,0
"WBGene00011200",0,0,0
"WBGene00022596",0,0,0
"WBGene00019388",0,0,0
"WBGene00018130",0,0,0
"WBGene00016132",0,0,0
"WBGene00000915",0,0,0
"WBGene00011869",0,0,0
"WBGene00011531",0,0,0
"WBGene00004473",0,0,0
"WBGene00012978",0,0,0
"WBGene00010061",0,0,0
"WBGene00011524",0,0,0
"WBGene00044418",0,0,0
"WBGene00015467",0,0,0
"WBGene00008607",0,0,0
"WBGene00020983",0,0,0
"WBGene00012863",0,0,0
"WBGene00018997",0,0,0
"WBGene00022727",0,0,0
"WBGene00185014",0,0,0
"WBGene00004256",0,0,0
"WBGene00004491",0,0,0
"WBGene00007757",0,0,0
"WBGene00014094",0,0,0
"WBGene00021420",0,0,0
"WBGene00000493",0,0,0
"WBGene00019572",0,0,0
"WBGene00018608",0,0,0
"WBGene00020914",0,0,0
"WBGene00016403",0,0,0
"WBGene00002238",0,0,0
"WBGene00014201",0,0,0
"WBGene00000935",0,0,0
"WBGene00011003",0,0,0
"WBGene00008141",0,0,0
"WBGene00185076",0,0,0
"WBGene00011669",0,0,0
"WBGene00009625",0,0,0
"WBGene00022833",0,0,0
"WBGene00016790",0,0,0
"WBGene00003153",0,0,0
"WBGene00006678",0,0,0
"WBGene00013958",0,0,0
"WBGene00021635",0,0,0
"WBGene00010492",0,0,0
"WBGene00001821",0,0,0
"WBGene00002135",0,0,0
"WBGene00008259",0,0,0
"WBGene00001592",0,0,0
"WBGene00044080",0,0,0
"WBGene00008673",0,0,0
"WBGene00021386",0,0,0
"WBGene00019511",0,0,0
"WBGene00007275",0,0,0
"WBGene00018898",0,0,0
"WBGene00018531",0,0,0
"WBGene00013896",0,0,0
"WBGene00001401",0,0,0
"WBGene00016599",0,0,0
"WBGene00012837",0,0,0
"WBGene00007570",0,0,0
"WBGene00003968",0,0,0
"WBGene00077696",0,0,0
"WBGene00012692",0,0,0
"WBGene00012919",0,0,0
"WBGene00019212",0,0,0
"WBGene00016996",0,0,0
"WBGene00019646",0,0,0
"WBGene00044488",0,0,0
"WBGene00012253",0,0,0
"WBGene00006056",0,0,0
"WBGene00007169",0,0,0
"WBGene00017055",0,0,0
"WBGene00001330",0,0,0
"WBGene00007200",0,0,0
"WBGene00008270",0,0,0
"WBGene00000961",0,0,0
"WBGene00018494",0,0,0
"WBGene00206358",0,0,0
"WBGene00007587",0,0,0
"WBGene00001025",0,0,0
"WBGene00009229",0,0,0
"WBGene00015879",0,0,0
"WBGene00044784",0,0,0
"WBGene00003729",0,0,0
"WBGene00008383",0,0,0
"WBGene00004412",0,0,0
"WBGene00012330",0,0,0
"WBGene00020683",0,0,0
"WBGene00017028",0,0,0
"WBGene00198914",0,0,0
"WBGene00003837",0,0,0
"WBGene00015073",0,0,0
"WBGene00021088",0,0,0
"WBGene00004973",0,0,0
"WBGene00015193",0,0,0
"WBGene00009753",0,0,0
"WBGene00002000",0,0,0
"WBGene00010265",0,0,0
"WBGene00019537",0,0,0
"WBGene00004101",0,0,0
"WBGene00009740",0,0,0
"WBGene00020366",0,0,0
"WBGene00020237",0,0,0
"WBGene00010793",0,0,0
"WBGene00004411",0,0,0
"WBGene00003532",0,0,0
"WBGene00011537",0,0,0
"WBGene00001393",0,0,0
"WBGene00007905",0,0,0
"WBGene00012942",0,0,0
"WBGene00008392",0,0,0
"WBGene00006740",0,0,0
"WBGene00011668",0,0,0
"WBGene00013264",0,0,0
"WBGene00008975",0,0,0
"WBGene00017369",0,0,0
"WBGene00012255",0,0,0
"WBGene00020396",0,0,0
"WBGene00006831",0,0,0
"WBGene00018784",0,0,0
"WBGene00235341",0,0,0
"WBGene00013035",0,0,0
"WBGene00044646",0,0,0
"WBGene00018493",0,0,0
"WBGene00044638",0,0,0
"WBGene00045364",0,0,0
"WBGene00017215",0,0,0
"WBGene00014007",0,0,0
"WBGene00010917",0,0,0
"WBGene00022545",0,0,0
"WBGene00001487",0,0,0
"WBGene00002064",0,0,0
"WBGene00017542",0,0,0
"WBGene00000610",0,0,0
"WBGene00003090",0,0,0
"WBGene00013523",0,0,0
"WBGene00010585",0,0,0
"WBGene00044270",0,0,0
"WBGene00004981",0,0,0
"WBGene00019951",0,0,0
"WBGene00007177",0,0,0
"WBGene00011434",0,0,0
"WBGene00010303",0,0,0
"WBGene00000981",0,0,0
"WBGene00008155",0,0,0
"WBGene00002244",0,0,0
"WBGene00018745",0,0,0
"WBGene00001583",0,0,0
"WBGene00016085",0,0,0
"WBGene00012266",0,0,0
"WBGene00002068",0,0,0
"WBGene00007068",0,0,0
"WBGene00021089",0,0,0
"WBGene00019280",0,0,0
"WBGene00011089",0,0,0
"WBGene00044067",0,0,0
"WBGene00019261",0,0,0
"WBGene00021607",0,0,0
"WBGene00045246",0,0,0
"WBGene00021590",0,0,0
"WBGene00013203",0,0,0
"WBGene00017327",0,0,0
"WBGene00219460",0,0,0
"WBGene00018163",0,0,0
"WBGene00001748",0,0,0
"WBGene00010876",0,0,0
"WBGene00017591",0,0,0
"WBGene00019162",0,0,0
"WBGene00001944",0,0,0
"WBGene00021814",0,0,0
"WBGene00003813",0,0,0
"WBGene00018418",0,0,0
"WBGene00007222",0,0,0
"WBGene00020251",0,0,0
"WBGene00003573",0,0,0
"WBGene00015716",0,0,0
"WBGene00001928",0,0,0
"WBGene00269379",0,0,0
"WBGene00044069",0,0,0
"WBGene00008301",0,0,0
"WBGene00018729",0,0,0
"WBGene00008940",0,0,0
"WBGene00002191",0,0,0
"WBGene00019361",0,0,0
"WBGene00023397",0,0,0
"WBGene00018505",0,0,0
"WBGene00016732",0,0,0
"WBGene00012609",0,0,0
"WBGene00020517",0,0,0
"WBGene00016177",0,0,0
"WBGene00018713",0,0,0
"WBGene00021073",0,0,0
"WBGene00000859",0,0,0
"WBGene00010137",0,0,0
"WBGene00002297",0,0,0
"WBGene00016596",0,0,0
"WBGene00021232",0,0,0
"WBGene00014246",0,0,0
"WBGene00001711",0,0,0
"WBGene00017788",0,0,0
"WBGene00044621",0,0,0
"WBGene00004496",0,0,0
"WBGene00045209",0,0,0
"WBGene00007301",0,0,0
"WBGene00009435",0,0,0
"WBGene00011936",0,0,0
"WBGene00004414",0,0,0
"WBGene00004471",0,0,0
"WBGene00020275",0,0,0
"WBGene00003995",0,0,0
"WBGene00020386",0,0,0
"WBGene00022039",0,0,0
"WBGene00008212",0,0,0
"WBGene00004786",0,0,0
"WBGene00009104",0,0,0
"WBGene00006940",0,0,0
"WBGene00018516",0,0,0
"WBGene00023068",0,0,0
"WBGene00201030",0,0,0
"WBGene00009334",0,0,0
"WBGene00010628",0,0,0
"WBGene00018537",0,0,0
"WBGene00009714",0,0,0
"WBGene00018037",0,0,0
"WBGene00004442",0,0,0
"WBGene00003670",0,0,0
"WBGene00015391",0,0,0
"WBGene00019760",0,0,0
"WBGene00011757",0,0,0
"WBGene00001694",0,0,0
"WBGene00011897",0,0,0
"WBGene00018789",0,0,0
"WBGene00194711",0,0,0
"WBGene00016504",0,0,0
"WBGene00045494",0,0,0
"WBGene00013858",0,0,0
"WBGene00045175",0,0,0
"WBGene00015243",0,0,0
"WBGene00019211",0,0,0
"WBGene00003041",0,0,0
"WBGene00017970",0,0,0
"WBGene00017904",0,0,0
"WBGene00009947",0,0,0
"WBGene00015685",0,0,0
"WBGene00050893",0,0,0
"WBGene00022698",0,0,0
"WBGene00021215",0,0,0
"WBGene00017982",0,0,0
"WBGene00016914",0,0,0
"WBGene00012435",0,0,0
"WBGene00008498",0,0,0
"WBGene00020758",0,0,0
"WBGene00011748",0,0,0
"WBGene00022753",0,0,0
"WBGene00017663",0,0,0
"WBGene00017633",0,0,0
"WBGene00011277",0,0,0
"WBGene00022622",0,0,0
"WBGene00017872",0,0,0
"WBGene00022577",0,0,0
"WBGene00011870",0,0,0
"WBGene00015519",0,0,0
"WBGene00194651",0,0,0
"WBGene00003175",0,0,0
"WBGene00008916",0,0,0
"WBGene00018127",0,0,0
"WBGene00020464",0,0,0
"WBGene00013186",0,0,0
"WBGene00020435",0,0,0
"WBGene00010701",0,0,0
"WBGene00194647",0,0,0
"WBGene00019509",0,0,0
"WBGene00009038",0,0,0
"WBGene00045245",0,0,0
"WBGene00008001",0,0,0
"WBGene00020328",0,0,0
"WBGene00011707",0,0,0
"WBGene00021621",0,0,0
"WBGene00015755",0,0,0
"WBGene00021993",0,0,0
"WBGene00003628",0,0,0
"WBGene00012113",0,0,0
"WBGene00014152",0,0,0
"WBGene00021562",0,0,0
"WBGene00010304",0,0,0
"WBGene00013311",0,0,0
"WBGene00044679",0,0,0
"WBGene00045508",0,0,0
"WBGene00022385",0,0,0
"WBGene00007327",0,0,0
"WBGene00010703",0,0,0
"WBGene00015934",0,0,0
"WBGene00017143",0,0,0
"WBGene00012472",0,0,0
"WBGene00002190",0,0,0
"WBGene00007681",0,0,0
"WBGene00015453",0,0,0
"WBGene00019150",0,0,0
"WBGene00018900",0,0,0
"WBGene00010904",0,0,0
"WBGene00020649",0,0,0
"WBGene00010472",0,0,0
"WBGene00007853",0,0,0
"WBGene00020705",0,0,0
"WBGene00010060",0,0,0
"WBGene00005833",0,0,0
"WBGene00000786",0,0,0
"WBGene00016576",0,0,0
"WBGene00012471",0,0,0
"WBGene00044789",0,0,0
"WBGene00001368",0,0,0
"WBGene00000233",0,0,0
"WBGene00002146",0,0,0
"WBGene00012999",0,0,0
"WBGene00015665",0,0,0
"WBGene00012418",0,0,0
"WBGene00000715",0,0,0
"WBGene00001934",0,0,0
"WBGene00020569",0,0,0
"WBGene00007836",0,0,0
"WBGene00022297",0,0,0
"WBGene00006796",0,0,0
"WBGene00001725",0,0,0
"WBGene00011684",0,0,0
"WBGene00021713",0,0,0
"WBGene00019597",0,0,0
"WBGene00044213",0,0,0
"WBGene00008173",0,0,0
"WBGene00017310",0,0,0
"WBGene00001605",0,0,0
"WBGene00017570",0,0,0
"WBGene00016844",0,0,0
"WBGene00019547",0,0,0
"WBGene00020383",0,0,0
"WBGene00206502",0,0,0
"WBGene00003526",0,0,0
"WBGene00044300",0,0,0
"WBGene00010411",0,0,0
"WBGene00014254",0,0,0
"WBGene00012307",0,0,0
"WBGene00044273",0,0,0
"WBGene00016407",0,0,0
"WBGene00008003",0,0,0
"WBGene00018168",0,0,0
"WBGene00194787",0,0,0
"WBGene00000276",0,0,0
"WBGene00007415",0,0,0
"WBGene00007916",0,0,0
"WBGene00004205",0,0,0
"WBGene00009184",0,0,0
"WBGene00004336",0,0,0
"WBGene00003072",0,0,0
"WBGene00021534",0,0,0
"WBGene00008863",0,0,0
"WBGene00016399",0,0,0
"WBGene00011105",0,0,0
"WBGene00018899",0,0,0
"WBGene00016250",0,0,0
"WBGene00020038",0,0,0
"WBGene00016977",0,0,0
"WBGene00008542",0,0,0
"WBGene00010353",0,0,0
"WBGene00017231",0,0,0
"WBGene00007143",0,0,0
"WBGene00010965",0,0,0
"WBGene00021830",0,0,0
"WBGene00020688",0,0,0
"WBGene00018087",0,0,0
"WBGene00268216",0,0,0
"WBGene00016469",0,0,0
"WBGene00018760",0,0,0
"WBGene00003862",0,0,0
"WBGene00022411",0,0,0
"WBGene00012039",0,0,0
"WBGene00235359",0,0,0
"WBGene00005056",0,0,0
"WBGene00006541",0,0,0
"WBGene00013294",0,0,0
"WBGene00007538",0,0,0
"WBGene00021899",0,0,0
"WBGene00255714",0,0,0
"WBGene00012943",0,0,0
"WBGene00020419",0,0,0
"WBGene00001389",0,0,0
"WBGene00015691",0,0,0
"WBGene00012402",0,0,0
"WBGene00015991",0,0,0
"WBGene00021660",0,0,0
"WBGene00195254",0,0,0
"WBGene00206501",0,0,0
"WBGene00009446",0,0,0
"WBGene00016398",0,0,0
"WBGene00001396",0,0,0
"WBGene00012361",0,0,0
"WBGene00012301",0,0,0
"WBGene00000133",0,0,0
"WBGene00044192",0,0,0
"WBGene00010148",0,0,0
"WBGene00004450",0,0,0
"WBGene00019229",0,0,0
"WBGene00016150",0,0,0
"WBGene00003891",0,0,0
"WBGene00044475",0,0,0
"WBGene00007784",0,0,0
"WBGene00010052",0,0,0
"WBGene00021403",0,0,0
"WBGene00011790",0,0,0
"WBGene00000008",0,0,0
"WBGene00003887",0,0,0
"WBGene00004432",0,0,0
"WBGene00015693",0,0,0
"WBGene00018062",0,0,0
"WBGene00019112",0,0,0
"WBGene00011834",0,0,0
"WBGene00020267",0,0,0
"WBGene00020974",0,0,0
"WBGene00021038",0,0,0
"WBGene00015545",0,0,0
"WBGene00004377",0,0,0
"WBGene00012123",0,0,0
"WBGene00012814",0,0,0
"WBGene00007907",0,0,0
"WBGene00001077",0,0,0
"WBGene00010367",0,0,0
"WBGene00008194",0,0,0
"WBGene00013862",0,0,0
"WBGene00018433",0,0,0
"WBGene00016788",0,0,0
"WBGene00020291",0,0,0
"WBGene00022444",0,0,0
"WBGene00003936",0,0,0
"WBGene00044492",0,0,0
"WBGene00004382",0,0,0
"WBGene00010595",0,0,0
"WBGene00008229",0,0,0
"WBGene00000992",0,0,0
"WBGene00011435",0,0,0
"WBGene00000523",0,0,0
"WBGene00016333",0,0,0
"WBGene00022508",0,0,0
"WBGene00007478",0,0,0
"WBGene00008789",0,0,0
"WBGene00001894",0,0,0
"WBGene00008856",0,0,0
"WBGene00004482",0,0,0
"WBGene00018394",0,0,0
"WBGene00021554",0,0,0
"WBGene00020917",0,0,0
"WBGene00018535",0,0,0
"WBGene00000990",0,0,0
"WBGene00004420",0,0,0
"WBGene00003864",0,0,0
"WBGene00007000",0,0,0
"WBGene00018792",0,0,0
"WBGene00009739",0,0,0
"WBGene00017474",0,0,0
"WBGene00014097",0,0,0
"WBGene00000030",0,0,0
"WBGene00015949",0,0,0
"WBGene00016388",0,0,0
"WBGene00017021",0,0,0
"WBGene00004196",0,0,0
"WBGene00017048",0,0,0
"WBGene00020686",0,0,0
"WBGene00004499",0,0,0
"WBGene00001403",0,0,0
"WBGene00002199",0,0,0
"WBGene00013824",0,0,0
"WBGene00015429",0,0,0
"WBGene00006981",0,0,0
"WBGene00006527",0,0,0
"WBGene00012205",0,0,0
"WBGene00194801",0,0,0
"WBGene00000983",0,0,0
"WBGene00020437",0,0,0
"WBGene00020202",0,0,0
"WBGene00018122",0,0,0
"WBGene00000502",0,0,0
"WBGene00004488",0,0,0
"WBGene00020766",0,0,0
"WBGene00006512",0,0,0
"WBGene00043068",0,0,0
"WBGene00002271",0,0,0
"WBGene00022018",0,0,0
"WBGene00013471",0,0,0
"WBGene00009961",0,0,0
"WBGene00306133",0,0,0
"WBGene00010174",0,0,0
"WBGene00010728",0,0,0
"WBGene00004144",0,0,0
"WBGene00018783",0,0,0
"WBGene00013148",0,0,0
"WBGene00000175",0,0,0
"WBGene00009356",0,0,0
"WBGene00008648",0,0,0
"WBGene00219585",0,0,0
"WBGene00012315",0,0,0
"WBGene00011323",0,0,0
"WBGene00013978",0,0,0
"WBGene00004147",0,0,0
"WBGene00020006",0,0,0
"WBGene00007557",0,0,0
"WBGene00010661",0,0,0
"WBGene00003019",0,0,0
"WBGene00011203",0,0,0
"WBGene00009071",0,0,0
"WBGene00006404",0,0,0
"WBGene00044947",0,0,0
"WBGene00011214",0,0,0
"WBGene00017258",0,0,0
"WBGene00020268",0,0,0
"WBGene00044448",0,0,0
"WBGene00008245",0,0,0
"WBGene00014022",0,0,0
"WBGene00009246",0,0,0
"WBGene00002020",0,0,0
"WBGene00011260",0,0,0
"WBGene00022148",0,0,0
"WBGene00000831",0,0,0
"WBGene00001762",0,0,0
"WBGene00195212",0,0,0
"WBGene00001029",0,0,0
"WBGene00009893",0,0,0
"WBGene00015496",0,0,0
"WBGene00019959",0,0,0
"WBGene00003970",0,0,0
"WBGene00008793",0,0,0
"WBGene00019493",0,0,0
"WBGene00021048",0,0,0
"WBGene00004114",0,0,0
"WBGene00007407",0,0,0
"WBGene00018358",0,0,0
"WBGene00012118",0,0,0
"WBGene00016332",0,0,0
"WBGene00009353",0,0,0
"WBGene00016325",0,0,0
"WBGene00044333",0,0,0
"WBGene00020215",0,0,0
"WBGene00019655",0,0,0
"WBGene00018765",0,0,0
"WBGene00004003",0,0,0
"WBGene00003965",0,0,0
"WBGene00020952",0,0,0
"WBGene00008857",0,0,0
"WBGene00008580",0,0,0
"WBGene00020146",0,0,0
"WBGene00004889",0,0,0
"WBGene00007630",0,0,0
"WBGene00008973",0,0,0
"WBGene00194658",0,0,0
"WBGene00014148",0,0,0
"WBGene00012640",0,0,0
"WBGene00013116",0,0,0
"WBGene00001723",0,0,0
"WBGene00009158",0,0,0
"WBGene00013299",0,0,0
"WBGene00000190",0,0,0
"WBGene00019426",0,0,0
"WBGene00018931",0,0,0
"WBGene00017555",0,0,0
"WBGene00008149",0,0,0
"WBGene00019796",0,0,0
"WBGene00010230",0,0,0
"WBGene00009061",0,0,0
"WBGene00022745",0,0,0
"WBGene00235268",0,0,0
"WBGene00014206",0,0,0
"WBGene00010742",0,0,0
"WBGene00006912",0,0,0
"WBGene00004419",0,0,0
"WBGene00022201",0,0,0
"WBGene00021452",0,0,0
"WBGene00022257",0,0,0
"WBGene00010660",0,0,0
"WBGene00007321",0,0,0
"WBGene00018235",0,0,0
"WBGene00020601",0,0,0
"WBGene00013596",0,0,0
"WBGene00015030",0,0,0
"WBGene00010754",0,0,0
"WBGene00018172",0,0,0
"WBGene00045157",0,0,0
"WBGene00007008",0,0,0
"WBGene00003552",0,0,0
"WBGene00044074",0,0,0
"WBGene00021287",0,0,0
"WBGene00009513",0,0,0
"WBGene00004239",0,0,0
"WBGene00020148",0,0,0
"WBGene00010075",0,0,0
"WBGene00010769",0,0,0
"WBGene00007225",0,0,0
"WBGene00012219",0,0,0
"WBGene00009047",0,0,0
"WBGene00016511",0,0,0
"WBGene00004700",0,0,0
"WBGene00007323",0,0,0
"WBGene00008929",0,0,0
"WBGene00077489",0,0,0
"WBGene00235285",0,0,0
"WBGene00004109",0,0,0
"WBGene00019565",0,0,0
"WBGene00012989",0,0,0
"WBGene00018192",0,0,0
"WBGene00016664",0,0,0
"WBGene00017644",0,0,0
"WBGene00007296",0,0,0
"WBGene00013136",0,0,0
"WBGene00015300",0,0,0
"WBGene00008882",0,0,0
"WBGene00007593",0,0,0
"WBGene00001204",0,0,0
"WBGene00004148",0,0,0
"WBGene00000913",0,0,0
"WBGene00000984",0,0,0
"WBGene00138719",0,0,0
"WBGene00014111",0,0,0
"WBGene00010886",0,0,0
"WBGene00000820",0,0,0
"WBGene00017119",0,0,0
"WBGene00009902",0,0,0
"WBGene00019260",0,0,0
"WBGene00019729",0,0,0
"WBGene00004933",0,0,0
"WBGene00010094",0,0,0
"WBGene00007823",0,0,0
"WBGene00020707",0,0,0
"WBGene00021074",0,0,0
"WBGene00010435",0,0,0
"WBGene00021514",0,0,0
"WBGene00000735",0,0,0
"WBGene00022583",0,0,0
"WBGene00010010",0,0,0
"WBGene00010681",0,0,0
"WBGene00016509",0,0,0
"WBGene00012925",0,0,0
"WBGene00008185",0,0,0
"WBGene00017218",0,0,0
"WBGene00016312",0,0,0
"WBGene00008955",0,0,0
"WBGene00003711",0,0,0
"WBGene00021407",0,0,0
"WBGene00001425",0,0,0
"WBGene00007846",0,0,0
"WBGene00000695",0,0,0
"WBGene00013829",0,0,0
"WBGene00010040",0,0,0
"WBGene00011027",0,0,0
"WBGene00004415",0,0,0
"WBGene00012926",0,0,0
"WBGene00009318",0,0,0
"WBGene00000557",0,0,0
"WBGene00007956",0,0,0
"WBGene00010926",0,0,0
"WBGene00007650",0,0,0
"WBGene00015155",0,0,0
"WBGene00013374",0,0,0
"WBGene00016196",0,0,0
"WBGene00008495",0,0,0
"WBGene00003043",0,0,0
"WBGene00015805",0,0,0
"WBGene00043064",0,0,0
"WBGene00002079",0,0,0
"WBGene00016628",0,0,0
"WBGene00017851",0,0,0
"WBGene00007174",0,0,0
"WBGene00009005",0,0,0
"WBGene00011583",0,0,0
"WBGene00050974",0,0,0
"WBGene00020679",0,0,0
"WBGene00010442",0,0,0
"WBGene00016890",0,0,0
"WBGene00001572",0,0,0
"WBGene00018901",0,0,0
"WBGene00001209",0,0,0
"WBGene00021732",0,0,0
"WBGene00019479",0,0,0
"WBGene00008870",0,0,0
"WBGene00014127",0,0,0
"WBGene00017367",0,0,0
"WBGene00006599",0,0,0
"WBGene00008841",0,0,0
"WBGene00008549",0,0,0
"WBGene00019673",0,0,0
"WBGene00017062",0,0,0
"WBGene00010794",0,0,0
"WBGene00004992",0,0,0
"WBGene00007559",0,0,0
"WBGene00009438",0,0,0
"WBGene00015655",0,0,0
"WBGene00009608",0,0,0
"WBGene00012344",0,0,0
"WBGene00007381",0,0,0
"WBGene00013727",0,0,0
"WBGene00014997",0,0,0
"WBGene00019327",0,0,0
"WBGene00022457",0,0,0
"WBGene00007267",0,0,0
"WBGene00015668",0,0,0
"WBGene00008780",0,0,0
"WBGene00010048",0,0,0
"WBGene00013983",0,0,0
"WBGene00003543",0,0,0
"WBGene00009084",0,0,0
"WBGene00011407",0,0,0
"WBGene00002074",0,0,0
"WBGene00012224",0,0,0
"WBGene00012738",0,0,0
"WBGene00017213",0,0,0
"WBGene00012739",0,0,0
"WBGene00000473",0,0,0
"WBGene00007949",0,0,0
"WBGene00007643",0,0,0
"WBGene00012883",0,0,0
"WBGene00013894",0,0,0
"WBGene00206482",0,0,0
"WBGene00045261",0,0,0
"WBGene00018980",0,0,0
"WBGene00009941",0,0,0
"WBGene00015667",0,0,0
"WBGene00004143",0,0,0
"WBGene00015093",0,0,0
"WBGene00015185",0,0,0
"WBGene00018994",0,0,0
"WBGene00008669",0,0,0
"WBGene00044736",0,0,0
"WBGene00020836",0,0,0
"WBGene00022617",0,0,0
"WBGene00021040",0,0,0
"WBGene00008805",0,0,0
"WBGene00019368",0,0,0
"WBGene00017573",0,0,0
"WBGene00020533",0,0,0
"WBGene00021151",0,0,0
"WBGene00001163",0,0,0
"WBGene00304182",0,0,0
"WBGene00020867",0,0,0
"WBGene00284847",0,0,0
"WBGene00005942",0,0,0
"WBGene00013707",0,0,0
"WBGene00000215",0,0,0
"WBGene00004958",0,0,0
"WBGene00016638",0,0,0
"WBGene00044312",0,0,0
"WBGene00000114",0,0,0
"WBGene00011177",0,0,0
"WBGene00008290",0,0,0
"WBGene00016516",0,0,0
"WBGene00001113",0,0,0
"WBGene00022114",0,0,0
"WBGene00007494",0,0,0
"WBGene00013047",0,0,0
"WBGene00000767",0,0,0
"WBGene00016702",0,0,0
"WBGene00003876",0,0,0
"WBGene00018362",0,0,0
"WBGene00011270",0,0,0
"WBGene00009319",0,0,0
"WBGene00015565",0,0,0
"WBGene00011053",0,0,0
"WBGene00007413",0,0,0
"WBGene00017283",0,0,0
"WBGene00001177",0,0,0
"WBGene00000116",0,0,0
"WBGene00007179",0,0,0
"WBGene00007074",0,0,0
"WBGene00017121",0,0,0
"WBGene00010895",0,0,0
"WBGene00001390",0,0,0
"WBGene00007482",0,0,0
"WBGene00015471",0,0,0
"WBGene00022628",0,0,0
"WBGene00077682",0,0,0
"WBGene00016870",0,0,0
"WBGene00010464",0,0,0
"WBGene00007425",0,0,0
"WBGene00189952",0,0,0
"WBGene00007011",0,0,0
"WBGene00000157",0,0,0
"WBGene00015756",0,0,0
"WBGene00018502",0,0,0
"WBGene00018162",0,0,0
"WBGene00009380",0,0,0
"WBGene00012887",0,0,0
"WBGene00004311",0,0,0
"WBGene00008370",0,0,0
"WBGene00011399",0,0,0
"WBGene00009313",0,0,0
"WBGene00022732",0,0,0
"WBGene00009057",0,0,0
"WBGene00017441",0,0,0
"WBGene00004316",0,0,0
"WBGene00018345",0,0,0
"WBGene00018866",0,0,0
"WBGene00004102",0,0,0
"WBGene00022012",0,0,0
"WBGene00004486",0,0,0
"WBGene00007802",0,0,0
"WBGene00012853",0,0,0
"WBGene00021446",0,0,0
"WBGene00017415",0,0,0
"WBGene00044676",0,0,0
"WBGene00019081",0,0,0
"WBGene00020293",0,0,0
"WBGene00015153",0,0,0
"WBGene00006493",0,0,0
"WBGene00021686",0,0,0
"WBGene00018403",0,0,0
"WBGene00009268",0,0,0
"WBGene00008460",0,0,0
"WBGene00020992",0,0,0
"WBGene00011054",0,0,0
"WBGene00009661",0,0,0
"WBGene00015388",0,0,0
"WBGene00007245",0,0,0
"WBGene00007515",0,0,0
"WBGene00015521",0,0,0
"WBGene00004947",0,0,0
"WBGene00003621",0,0,0
"WBGene00011836",0,0,0
"WBGene00022752",0,0,0
"WBGene00017124",0,0,0
"WBGene00022200",0,0,0
"WBGene00003442",0,0,0
"WBGene00022867",0,0,0
"WBGene00015355",0,0,0
"WBGene00000784",0,0,0
"WBGene00010226",0,0,0
"WBGene00006607",0,0,0
"WBGene00235090",0,0,0
"WBGene00022886",0,0,0
"WBGene00000870",0,0,0
"WBGene00003902",0,0,0
"WBGene00016433",0,0,0
"WBGene00010772",0,0,0
"WBGene00001923",0,0,0
"WBGene00009327",0,0,0
"WBGene00002005",0,0,0
"WBGene00001226",0,0,0
"WBGene00016008",0,0,0
"WBGene00008199",0,0,0
"WBGene00013292",0,0,0
"WBGene00011977",0,0,0
"WBGene00022230",0,0,0
"WBGene00019187",0,0,0
"WBGene00015828",0,0,0
"WBGene00004421",0,0,0
"WBGene00011579",0,0,0
"WBGene00018471",0,0,0
"WBGene00022765",0,0,0
"WBGene00008521",0,0,0
"WBGene00009704",0,0,0
"WBGene00022133",0,0,0
"WBGene00019893",0,0,0
"WBGene00020511",0,0,0
"WBGene00013495",0,0,0
"WBGene00007895",0,0,0
"WBGene00019609",0,0,0
"WBGene00016218",0,0,0
"WBGene00010092",0,0,0
"WBGene00007871",0,0,0
"WBGene00013579",0,0,0
"WBGene00006820",0,0,0
"WBGene00019128",0,0,0
"WBGene00019568",0,0,0
"WBGene00019904",0,0,0
"WBGene00019957",0,0,0
"WBGene00016956",0,0,0
"WBGene00194695",0,0,0
"WBGene00016287",0,0,0
"WBGene00011330",0,0,0
"WBGene00018694",0,0,0
"WBGene00008490",0,0,0
"WBGene00016130",0,0,0
"WBGene00006640",0,0,0
"WBGene00013639",0,0,0
"WBGene00050881",0,0,0
"WBGene00010323",0,0,0
"WBGene00018373",0,0,0
"WBGene00003062",0,0,0
"WBGene00002216",0,0,0
"WBGene00003754",0,0,0
"WBGene00011447",0,0,0
"WBGene00013052",0,0,0
"WBGene00007680",0,0,0
"WBGene00018522",0,0,0
"WBGene00011290",0,0,0
"WBGene00011333",0,0,0
"WBGene00011441",0,0,0
"WBGene00003448",0,0,0
"WBGene00003371",0,0,0
"WBGene00044094",0,0,0
"WBGene00022378",0,0,0
"WBGene00013706",0,0,0
"WBGene00011460",0,0,0
"WBGene00012892",0,0,0
"WBGene00012180",0,0,0
"WBGene00021358",0,0,0
"WBGene00000900",0,0,0
"WBGene00015580",0,0,0
"WBGene00015298",0,0,0
"WBGene00020802",0,0,0
"WBGene00020691",0,0,0
"WBGene00020593",0,0,0
"WBGene00016888",0,0,0
"WBGene00000694",0,0,0
"WBGene00000021",0,0,0
"WBGene00003544",0,0,0
"WBGene00020798",0,0,0
"WBGene00003058",0,0,0
"WBGene00013070",0,0,0
"WBGene00010401",0,0,0
"WBGene00016749",0,0,0
"WBGene00008537",0,0,0
"WBGene00011488",0,0,0
"WBGene00001901",0,0,0
"WBGene00011129",0,0,0
"WBGene00002034",0,0,0
"WBGene00019947",0,0,0
"WBGene00003844",0,0,0
"WBGene00021084",0,0,0
"WBGene00011023",0,0,0
"WBGene00006641",0,0,0
"WBGene00019225",0,0,0
"WBGene00020973",0,0,0
"WBGene00019827",0,0,0
"WBGene00015647",0,0,0
"WBGene00002057",0,0,0
"WBGene00008781",0,0,0
"WBGene00009048",0,0,0
"WBGene00010968",0,0,0
"WBGene00018193",0,0,0
"WBGene00019430",0,0,0
"WBGene00007734",0,0,0
"WBGene00015666",0,0,0
"WBGene00007694",0,0,0
"WBGene00008711",0,0,0
"WBGene00016753",0,0,0
"WBGene00012658",0,0,0
"WBGene00017794",0,0,0
"WBGene00009250",0,0,0
"WBGene00009712",0,0,0
"WBGene00017247",0,0,0
"WBGene00006787",0,0,0
"WBGene00020757",0,0,0
"WBGene00195147",0,0,0
"WBGene00004234",0,0,0
"WBGene00000138",0,0,0
"WBGene00017613",0,0,0
"WBGene00235279",0,0,0
"WBGene00000716",0,0,0
"WBGene00016507",0,0,0
"WBGene00003452",0,0,0
"WBGene00003839",0,0,0
"WBGene00017761",0,0,0
"WBGene00020595",0,0,0
"WBGene00017780",0,0,0
"WBGene00004170",0,0,0
"WBGene00016181",0,0,0
"WBGene00009173",0,0,0
"WBGene00000792",0,0,0
"WBGene00016769",0,0,0
"WBGene00012491",0,0,0
"WBGene00010617",0,0,0
"WBGene00021849",0,0,0
"WBGene00010227",0,0,0
"WBGene00009035",0,0,0
"WBGene00001891",0,0,0
"WBGene00018547",0,0,0
"WBGene00008634",0,0,0
"WBGene00017817",0,0,0
"WBGene00009453",0,0,0
"WBGene00017834",0,0,0
"WBGene00010324",0,0,0
"WBGene00195227",0,0,0
"WBGene00007869",0,0,0
"WBGene00007998",0,0,0
"WBGene00005025",0,0,0
"WBGene00011723",0,0,0
"WBGene00016134",0,0,0
"WBGene00018917",0,0,0
"WBGene00006416",0,0,0
"WBGene00008151",0,0,0
"WBGene00013295",0,0,0
"WBGene00011195",0,0,0
"WBGene00012987",0,0,0
"WBGene00019026",0,0,0
"WBGene00012670",0,0,0
"WBGene00020032",0,0,0
"WBGene00018491",0,0,0
"WBGene00018823",0,0,0
"WBGene00044365",0,0,0
"WBGene00020893",0,0,0
"WBGene00010237",0,0,0
"WBGene00012464",0,0,0
"WBGene00016344",0,0,0
"WBGene00010940",0,0,0
"WBGene00010402",0,0,0
"WBGene00005617",0,0,0
"WBGene00044200",0,0,0
"WBGene00202067",0,0,0
"WBGene00017464",0,0,0
"WBGene00000401",0,0,0
"WBGene00017160",0,0,0
"WBGene00006756",0,0,0
"WBGene00018068",0,0,0
"WBGene00004384",0,0,0
"WBGene00018698",0,0,0
"WBGene00009101",0,0,0
"WBGene00022652",0,0,0
"WBGene00009526",0,0,0
"WBGene00018427",0,0,0
"WBGene00017438",0,0,0
"WBGene00013004",0,0,0
"WBGene00017413",0,0,0
"WBGene00007563",0,0,0
"WBGene00016730",0,0,0
"WBGene00015661",0,0,0
"WBGene00013737",0,0,0
"WBGene00020131",0,0,0
"WBGene00003369",0,0,0
"WBGene00045271",0,0,0
"WBGene00019538",0,0,0
"WBGene00016174",0,0,0
"WBGene00006544",0,0,0
"WBGene00020687",0,0,0
"WBGene00007991",0,0,0
"WBGene00018414",0,0,0
"WBGene00010260",0,0,0
"WBGene00018891",0,0,0
"WBGene00015978",0,0,0
"WBGene00021212",0,0,0
"WBGene00002044",0,0,0
"WBGene00022087",0,0,0
"WBGene00011469",0,0,0
"WBGene00015137",0,0,0
"WBGene00021252",0,0,0
"WBGene00011755",0,0,0
"WBGene00020372",0,0,0
"WBGene00006707",0,0,0
"WBGene00012117",0,0,0
"WBGene00004098",0,0,0
"WBGene00013804",0,0,0
"WBGene00008435",0,0,0
"WBGene00002036",0,0,0
"WBGene00001030",0,0,0
"WBGene00018098",0,0,0
"WBGene00021740",0,0,0
"WBGene00003681",0,0,0
"WBGene00003736",0,0,0
"WBGene00011166",0,0,0
"WBGene00000646",0,0,0
"WBGene00004811",0,0,0
"WBGene00011024",0,0,0
"WBGene00021709",0,0,0
"WBGene00014088",0,0,0
"WBGene00045252",0,0,0
"WBGene00013255",0,0,0
"WBGene00015511",0,0,0
"WBGene00050896",0,0,0
"WBGene00004472",0,0,0
"WBGene00011599",0,0,0
"WBGene00022416",0,0,0
"WBGene00020693",0,0,0
"WBGene00004302",0,0,0
"WBGene00017838",0,0,0
"WBGene00012250",0,0,0
"WBGene00013477",0,0,0
"WBGene00005291",0,0,0
"WBGene00004190",0,0,0
"WBGene00011953",0,0,0
"WBGene00008356",0,0,0
"WBGene00017057",0,0,0
"WBGene00016006",0,0,0
"WBGene00009257",0,0,0
"WBGene00011135",0,0,0
"WBGene00219570",0,0,0
"WBGene00004965",0,0,0
"WBGene00269333",0,0,0
"WBGene00018689",0,0,0
"WBGene00018389",0,0,0
"WBGene00018764",0,0,0
"WBGene00001830",0,0,0
"WBGene00015791",0,0,0
"WBGene00002052",0,0,0
"WBGene00008458",0,0,0
"WBGene00020908",0,0,0
"WBGene00013933",0,0,0
"WBGene00009165",0,0,0
"WBGene00006489",0,0,0
"WBGene00015227",0,0,0
"WBGene00011526",0,0,0
"WBGene00021075",0,0,0
"WBGene00004023",0,0,0
"WBGene00004388",0,0,0
"WBGene00020881",0,0,0
"WBGene00000989",0,0,0
"WBGene00003536",0,0,0
"WBGene00015848",0,0,0
"WBGene00011572",0,0,0
"WBGene00007778",0,0,0
"WBGene00044792",0,0,0
"WBGene00016013",0,0,0
"WBGene00018210",0,0,0
"WBGene00021900",0,0,0
"WBGene00007362",0,0,0
"WBGene00022852",0,0,0
"WBGene00010070",0,0,0
"WBGene00012592",0,0,0
"WBGene00011305",0,0,0
"WBGene00001225",0,0,0
"WBGene00018908",0,0,0
"WBGene00023502",0,0,0
"WBGene00004165",0,0,0
"WBGene00020580",0,0,0
"WBGene00001333",0,0,0
"WBGene00000963",0,0,0
"WBGene00006715",0,0,0
"WBGene00021026",0,0,0
"WBGene00010822",0,0,0
"WBGene00010194",0,0,0
"WBGene00003083",0,0,0
"WBGene00006964",0,0,0
"WBGene00007486",0,0,0
"WBGene00007715",0,0,0
"WBGene00003086",0,0,0
"WBGene00015544",0,0,0
"WBGene00000164",0,0,0
"WBGene00008950",0,0,0
"WBGene00009163",0,0,0
"WBGene00010458",0,0,0
"WBGene00009147",0,0,0
"WBGene00009920",0,0,0
"WBGene00008610",0,0,0
"WBGene00004434",0,0,0
"WBGene00001168",0,0,0
"WBGene00020986",0,0,0
"WBGene00013329",0,0,0
"WBGene00017944",0,0,0
"WBGene00008408",0,0,0
"WBGene00016142",0,0,0
"WBGene00006407",0,0,0
"WBGene00021613",0,0,0
"WBGene00001794",0,0,0
"WBGene00008192",0,0,0
"WBGene00175035",0,0,0
"WBGene00012127",0,0,0
"WBGene00013337",0,0,0
"WBGene00015988",0,0,0
"WBGene00009042",0,0,0
"WBGene00010539",0,0,0
"WBGene00007611",0,0,0
"WBGene00018961",0,0,0
"WBGene00001653",0,0,0
"WBGene00020808",0,0,0
"WBGene00007285",0,0,0
"WBGene00008124",0,0,0
"WBGene00007795",0,0,0
"WBGene00007339",0,0,0
"WBGene00006789",0,0,0
"WBGene00009264",0,0,0
"WBGene00003079",0,0,0
"WBGene00009089",0,0,0
"WBGene00012548",0,0,0
"WBGene00012059",0,0,0
"WBGene00021486",0,0,0
"WBGene00010786",0,0,0
"WBGene00044536",0,0,0
"WBGene00000663",0,0,0
"WBGene00007460",0,0,0
"WBGene00008960",0,0,0
"WBGene00007874",0,0,0
"WBGene00010908",0,0,0
"WBGene00019433",0,0,0
"WBGene00013775",0,0,0
"WBGene00017724",0,0,0
"WBGene00019773",0,0,0
"WBGene00006342",0,0,0
"WBGene00012933",0,0,0
"WBGene00018958",0,0,0
"WBGene00001429",0,0,0
"WBGene00005044",0,0,0
"WBGene00009775",0,0,0
"WBGene00020182",0,0,0
"WBGene00012759",0,0,0
"WBGene00004445",0,0,0
"WBGene00004455",0,0,0
"WBGene00000998",0,0,0
"WBGene00010014",0,0,0
"WBGene00001242",0,0,0
"WBGene00003104",0,0,0
"WBGene00044434",0,0,0
"WBGene00009043",0,0,0
"WBGene00000063",0,0,0
"WBGene00013279",0,0,0
"WBGene00008951",0,0,0
"WBGene00017210",0,0,0
"WBGene00000421",0,0,0
"WBGene00019018",0,0,0
"WBGene00012929",0,0,0
"WBGene00006310",0,0,0
"WBGene00016412",0,0,0
"WBGene00014005",0,0,0
"WBGene00012399",0,0,0
"WBGene00004878",0,0,0
"WBGene00017023",0,0,0
"WBGene00011379",0,0,0
"WBGene00003637",0,0,0
"WBGene00009064",0,0,0
"WBGene00011476",0,0,0
"WBGene00000877",0,0,0
"WBGene00018289",0,0,0
"WBGene00020600",0,0,0
"WBGene00015035",0,0,0
"WBGene00303026",0,0,0
"WBGene00017261",0,0,0
"WBGene00021871",0,0,0
"WBGene00021382",0,0,0
"WBGene00044081",0,0,0
"WBGene00016093",0,0,0
"WBGene00003933",0,0,0
"WBGene00000542",0,0,0
"WBGene00044204",0,0,0
"WBGene00013866",0,0,0
"WBGene00009848",0,0,0
"WBGene00008917",0,0,0
"WBGene00018446",0,0,0
"WBGene00014777",0,0,0
"WBGene00012069",0,0,0
"WBGene00001629",0,0,0
"WBGene00020091",0,0,0
"WBGene00004475",0,0,0
"WBGene00011222",0,0,0
"WBGene00017435",0,0,0
"WBGene00023498",0,0,0
"WBGene00219322",0,0,0
"WBGene00004437",0,0,0
"WBGene00009752",0,0,0
"WBGene00016975",0,0,0
"WBGene00021627",0,0,0
"WBGene00000041",0,0,0
"WBGene00011895",0,0,0
"WBGene00017149",0,0,0
"WBGene00021497",0,0,0
"WBGene00016866",0,0,0
"WBGene00013949",0,0,0
"WBGene00018839",0,0,0
"WBGene00013658",0,0,0
"WBGene00235111",0,0,0
"WBGene00021964",0,0,0
"WBGene00004801",0,0,0
"WBGene00000395",0,0,0
"WBGene00007282",0,0,0
"WBGene00003589",0,0,0
"WBGene00006441",0,0,0
"WBGene00010221",0,0,0
"WBGene00021271",0,0,0
"WBGene00000380",0,0,0
"WBGene00006438",0,0,0
"WBGene00022793",0,0,0
"WBGene00020801",0,0,0
"WBGene00219876",0,0,0
"WBGene00019986",0,0,0
"WBGene00194691",0,0,0
"WBGene00022611",0,0,0
"WBGene00009992",0,0,0
"WBGene00008413",0,0,0
"WBGene00012028",0,0,0
"WBGene00077691",0,0,0
"WBGene00018865",0,0,0
"WBGene00004157",0,0,0
"WBGene00007450",0,0,0
"WBGene00019841",0,0,0
"WBGene00018096",0,0,0
"WBGene00002075",0,0,0
"WBGene00019262",0,0,0
"WBGene00011893",0,0,0
"WBGene00001427",0,0,0
"WBGene00197501",0,0,0
"WBGene00006759",0,0,0
"WBGene00044469",0,0,0
"WBGene00018369",0,0,0
"WBGene00004155",0,0,0
"WBGene00022261",0,0,0
"WBGene00003464",0,0,0
"WBGene00004988",0,0,0
"WBGene00011510",0,0,0
"WBGene00015181",0,0,0
"WBGene00004424",0,0,0
"WBGene00001805",0,0,0
"WBGene00013823",0,0,0
"WBGene00011043",0,0,0
"WBGene00008876",0,0,0
"WBGene00001055",0,0,0
"WBGene00009224",0,0,0
"WBGene00003579",0,0,0
"WBGene00006754",0,0,0
"WBGene00001465",0,0,0
"WBGene00000068",0,0,0
"WBGene00012217",0,0,0
"WBGene00006193",0,0,0
"WBGene00004930",0,0,0
"WBGene00014228",0,0,0
"WBGene00013310",0,0,0
"WBGene00010947",0,0,0
"WBGene00020129",0,0,0
"WBGene00018990",0,0,0
"WBGene00013365",0,0,0
"WBGene00002202",0,0,0
"WBGene00004783",0,0,0
"WBGene00010080",0,0,0
"WBGene00004809",0,0,0
"WBGene00002008",0,0,0
"WBGene00004305",0,0,0
"WBGene00019190",0,0,0
"WBGene00000081",0,0,0
"WBGene00020389",0,0,0
"WBGene00007458",0,0,0
"WBGene00001309",0,0,0
"WBGene00017520",0,0,0
"WBGene00022467",0,0,0
"WBGene00045272",0,0,0
"WBGene00003939",0,0,0
"WBGene00000420",0,0,0
"WBGene00077558",0,0,0
"WBGene00020053",0,0,0
"WBGene00020356",0,0,0
"WBGene00003230",0,0,0
"WBGene00016757",0,0,0
"WBGene00022742",0,0,0
"WBGene00019024",0,0,0
"WBGene00015392",0,0,0
"WBGene00019492",0,0,0
"WBGene00016136",0,0,0
"WBGene00008314",0,0,0
"WBGene00016558",0,0,0
"WBGene00003828",0,0,0
"WBGene00007286",0,0,0
"WBGene00017726",0,0,0
"WBGene00009272",0,0,0
"WBGene00022078",0,0,0
"WBGene00019405",0,0,0
"WBGene00009108",0,0,0
"WBGene00018716",0,0,0
"WBGene00012404",0,0,0
"WBGene00018949",0,0,0
"WBGene00007740",0,0,0
"WBGene00206484",0,0,0
"WBGene00008925",0,0,0
"WBGene00022650",0,0,0
"WBGene00235342",0,0,0
"WBGene00020010",0,0,0
"WBGene00013189",0,0,0
"WBGene00001230",0,0,0
"WBGene00000263",0,0,0
"WBGene00013161",0,0,0
"WBGene00003523",0,0,0
"WBGene00012983",0,0,0
"WBGene00008233",0,0,0
"WBGene00021470",0,0,0
"WBGene00010698",0,0,0
"WBGene00007508",0,0,0
"WBGene00015892",0,0,0
"WBGene00020770",0,0,0
"WBGene00019240",0,0,0
"WBGene00014130",0,0,0
"WBGene00015041",0,0,0
"WBGene00022748",0,0,0
"WBGene00235305",0,0,0
"WBGene00013865",0,0,0
"WBGene00003959",0,0,0
"WBGene00018438",0,0,0
"WBGene00004453",0,0,0
"WBGene00019198",0,0,0
"WBGene00003958",0,0,0
"WBGene00015440",0,0,0
"WBGene00022507",0,0,0
"WBGene00010045",0,0,0
"WBGene00044216",0,0,0
"WBGene00000830",0,0,0
"WBGene00195253",0,0,0
"WBGene00012879",0,0,0
"WBGene00022739",0,0,0
"WBGene00255728",0,0,0
"WBGene00018100",0,0,0
"WBGene00019402",0,0,0
"WBGene00002185",0,0,0
"WBGene00017467",0,0,0
"WBGene00003709",0,0,0
"WBGene00001599",0,0,0
"WBGene00198904",0,0,0
"WBGene00235391",0,0,0
"WBGene00020018",0,0,0
"WBGene00018143",0,0,0
"WBGene00000636",0,0,0
"WBGene00018743",0,0,0
"WBGene00020831",0,0,0
"WBGene00014032",0,0,0
"WBGene00019462",0,0,0
"WBGene00004416",0,0,0
"WBGene00013975",0,0,0
"WBGene00006889",0,0,0
"WBGene00021237",0,0,0
"WBGene00018840",0,0,0
"WBGene00016445",0,0,0
"WBGene00011919",0,0,0
"WBGene00012559",0,0,0
"WBGene00004478",0,0,0
"WBGene00008714",0,0,0
"WBGene00195759",0,0,0
"WBGene00017923",0,0,0
"WBGene00004233",0,0,0
"WBGene00010912",0,0,0
"WBGene00006385",0,0,0
"WBGene00013076",0,0,0
"WBGene00000098",0,0,0
"WBGene00016429",0,0,0
"WBGene00018878",0,0,0
"WBGene00012027",0,0,0
"WBGene00018065",0,0,0
"WBGene00021702",0,0,0
"WBGene00004920",0,0,0
"WBGene00018701",0,0,0
"WBGene00003171",0,0,0
"WBGene00004501",0,0,0
